,review,rate
0,이렇게 슬픈 영화 처음봤다 죽으러갈때 1년동안 날 눈물 다 울었다. 개슬프다 진짜,10
1,오랜 시간이 지나도 그때의 감흥이 계속됩니다.,10
2,이거 보고 안 운다..? 감정이 매마른 사람잀겨 어떻게 이걸 보고 안울어 나도 첨엔 이걸 보고 운다고? 했는데 마지막이 진짜 눈물콧물 쏙쏙 뺏다 볼때마다 울듯 ㅠㅠ 내가 이거 ㄹ왜 지금 봣을까ㅠㅠㅠ,10
3,다시 봐도 재밋어요 ㅎㅎㅎ,10
4,계속 눈물 나던데?..,10
5,다시봐도 감동 다시봐도 연기 굿,10
6,ㅠㅠx9987654,10
7,이정도로 저평가 받을 영화는 아니라고 생각합니다.,10
8,일단 마지막에 교도관한테 죄송합니다 죄송합니다 하면서 비는게 너무 뭉클하고 볼때마다 느끼는게 진짜 너무 화가나요 결국 마지막에 죄없는 사람이 죽는다는게 진짜 슬프고 그걸 소화하시는 류승룡 배우님께 정말 대단하다고 느...,10
9,애 없으면 못 느끼는 감동을 영화 보고 주변 아이들 보며 동화 할만큼 요즘 영화에서 못 느끼는 감동을 받았습니다 물론 배우자 분들 연기가 좋았겠지만 글쎄요 저는 만족했습니다 추천해드려서 본 분들 다 평이 좋았습니다 ...,10
10,억울하게 누명 쓴 이땅의  모든 분들을 기리며....,10
11,이거 보고 아무것도 느끼지 못했으면 평점 낮게 주는 거 이해하는데 보고 울어놓고도 혹평하는 사람들은 뭐지..아기가 용으로 변해서 아빠 태우고 날아간 것도 아닌데 현실성 없다 뭐다..영화라는 게 사람 마음 건드려 움직...,10
12,그냥 재미없었다 하면 되지한국 영화 수준이나 관객 운운하면서 지가 잘난척은 ㅋㅋㅋ평점만 봐도 이정도 높은거면 니들이 소수인데 니들이 이상한거지그냥 니들 취향에만 안맞지 재밌게 본사람 많다,10
13,몇번을 봐도 눈물나는 영화,10
14,평점보니 억지눈물이라는 말이 많던데. 오히려 그 반대 아닌가? 울지않으려고 그렇게 애써도 볼때마다 오열하게 되더만. 이 영화 만큼 자연스럽게 눈물나는 영화 있나? 웃겨 진짜,10
15,최고의 영화..눈물 펑펑...,10
16,영화는 영화로만 받아들여라. 스토리가 어쩌네 억지가 저쩌네 하지말고 ㅋㅋ하여간 틀딱이들 ㅋㅋㅋ,10
17,실화를 바탕으로 했으나 지나친 오버 액션과 비약...하지만 다시 보라면 또 볼 수 있는 영화. 영화에서 배우가 가진 힘을 알려준 영화랄까?,10
18,잼있다. 감동적이다.,10
19,이영화를 봤을당시엔 단순 휴머니즘 코미디쯤으로 생각하고 보다가 마지막 씬에서 역대급으로 눈물을 쏟았었지 아직도 이 영화보다 많은 눈물을 쏟은 영화가 없다,10
20,너무슬프고 배우들이 연기를 잘함,10
21,눈물이 주르륵주르륵 ㅠㅠ,10
22,ㅠㅠ 영화진심 개감동적이고 쩐다.. 너무 슬프고 경찰청장 괘씸하고 ㅠㅠ 그 감옥안에 같이 사는 사람들 너무 멋지고 아 진짜 류승용딸 너무 귀엽고 불쌍하고 진짜 인기있었던 이유를 알겠음 ㅠ,10
23,"전문가가 아니므로 뭐라 평가하지는 못하지만;매우 행복하고, 슬픔기도 했던 인상 깊은 영화였다..예승아~",10
24,그거보구 막판에 울음ㅠ,10
25,극장가서 보는거랑 차이가 많이나네용.. 분위기라던지 뭐이것저것..  이거 극장에서보면  건조증생깁니다정말,10
26,이때까지 사람들이 다 추천해줬을때도 안보다가 설특집 방영해주길래 봤다가 눈물콧물다뺌ㅠㅠㅜ진짜ㅠ왜케슬픈거야ㅠㅠㅜㅜ엉엉,10
27,난 보고 펑펑울었는데... 배우들 연기가 너무 좋았다 사람들 평가가 박해서 의왼데?,10
28,개봉당시 못봤던 그 유명마한 7번방의선물!! 명절날 가족끼리보기 좋은 영화 였다. 감동의 도가니탕~ 어린예승이 변호사로 커서 아버지죄를 벗겨준 멋진영화임!!!,10
29,지금해서보고있는데..넘슬픔..고작세일러문가방때문에죽다니ㅡ,10
30,실화가 아니라는게 다행이다..,10
31,코믹도 감동도  재미도 모두 갖춘 영화라고 생각합니다 정말 최고!,10
32,감동적이에요,10
33,눈물겨운 영화네요 ㅜㅜ,10
34,보면서 계속 울었던 것 같다. 뻔한 복수극만 나오던 자극적인 영화/드라마들만 보다 순수한 사랑과 용서의 메세지가 담긴 영화를 보니 기분이 좋다.,10
35,부녀의 안타까운 상황에 가슴이 울컥했었고  감동적인 영화였습니다.ㅋㅋ 다시봐도 감동적일거 같네요.ㅋ,10
36,"최근 본 영화중에선 가장 감동적이네요..... 뻔하다기보다는, 실제로 지금도 그런 분들이 많을 거라고 생각하면서 보니, 한없이 안타깝기만 하네요.",10
37,"여태껏 봐왔던 류승룡의 모습과 확 달라진 바보연기..!!바보연기 정말잘하더라구요,주변에서 도 그 특유의말투따라하고 그러더라구요..ㅎㅎ세일러문가방이기억에 남아요.그리고 사형선고받을때..딸하고헤어져야할때정말눈물이나왔어요...",10
38,이영화를 보고 깨달은 바 길거리에 곤란에 처있는 어린이 도와주지말아야겠다는거,10
39,평점 낮게준게 간간히 는에띄는데 난 너무너무 즐겁게 봤다 슬프고 재밋고..연기를 잘해서그런지 몰입 100%!!열기구는 그냥 희망적인 내용으로 웃으면서봤는데말그대로 영화는 영화일뿐이니까너무 하나하나 따지면서 영화보면 ...,10
40,대박ㅜㅜㅜㅜㅜㅜㅜㅜㅜㅜㅜㅜㅜㅜㅜㅜㅜㅜㅜㅜㅜㅜㅜㅜㅜㅜㅜㅜㅜㅜㅜㅜㅜㅜㅜㅜㅜㅜㅜㅜㅜㅜㅜㅜㅜㅜㅜㅜ감동,10
41,슬퍼ㅠㅠㅠ,10
42,너무 슬프다ㅠㅠㅠㅠㅠㅠㅠㅠㅠㅠㅠㅠㅠㅠㅠㅠㅠㅠㅠㅠㅠㅠㅠㅠㅠㅠㅠㅠㅠㅠㅠㅠㅠㅠㅠㅠㅠㅠㅠㅠㅠㅠㅠㅠㅠㅠㅠㅠㅠㅠㅠㅠㅠㅠㅠㅠㅠㅠㅠㅠ,10
43,정말 재밌게 봤어요 ㅎㅎ,10
44,짱짱,10
45,비현실적이지만 짠하다,10
46,짱,10
47,재미와 감동을 함께준 영화,10
48,굿,10
49,살려주세요 할때 진짜ㅠㅠㅠㅠㅠㅠㅠㅠㅠㅠㅠㅠㅠㅠㅠㅠㅠㅠㅠㅠ,10
50,감동이다ㅠㅠ,10
51,류승룡 연기쩐다 개굿 ㅋㅋ 감동먹음,10
52,"류승룡, 예승이 최고! 다시 봐도 재밌고 슬픈 영화!",10
53,전 감정이 없어진건가요.. 잼잇기만하고.. 슬프진않던데..뺨때릴때 빵터짐 ㅋㅋㅋㅋㅋ,10
54,어그로 관종새1끼들이나 존나게 까대지 ㅋㅋㅋㅋ 내용이 너무 억지?영화자나 ㅋㅋㅋㅋㅋ 이런게 영화라고 ㅋㅋㅋㅋ 뭘 이것저것 따져대 걍 보면 눈물콧물 기본이야 첨부터 끝까지 안울엇다는 새1끼는 첨부터 끝까지 이게 무슨 ...,10
55,예승이안녕...ㅠㅠ,10
56,내생에 최고의감동과 눈물을줬던영화입니다 평점이라는글 첨으로남겨봅니다,10
57,마음을 비우고 그냥 본영화...근데 이렇게 까지 눈물을 자극시킬줄은 생각도 못한영화.. 죽어서도 사랑을 놓지도 놓을수도 없는 바보아빠의 사랑이야기 그리고 감초같은 배우들.. 전 최고라고 생각합니다.,10
58,재미와감동,10
59,"스토리의 현실성 개연성 따지는 장르의 영화가 아닌거 같다. 머리를 비우고 보면 눈물이 터지는 영화, 나에겐 최고였다.",10
60,이 영화를 왜 영화관에서 못봤을까 너무너무 후회가 됩니다그만큼 너무 재밌었고 감동 또한 최고였습니다 마지막 부분에서는 정말 펑펑 울었어요,10
61,감동적이고 마음이 아프네요... 쌀쌀한 사회색깔과는 다르게 포근한 교도소... 왠지 씁쓸해지네요 잘봤어요!,10
62,감동적인 영화 중에 제일 슬픈것같음 ㅠㅠ 마지막에 울어버렸네 ㅠㅠㅠㅠ,10
63,넘 감동이고 잼나게 봤습니다~~,10
64,정말 감동적이예요.,10
65,이것저것 다필요없고 심금을 울렸다면 된거다,10
66,예승아~~~~~보고싶다,10
67,감동이 있는 영화입니다   추천합니당,10
68,진짜로 재미있서요 진짜로 추천합니다.,10
69,정말최고의영화입니다. 울다가웃게만들고 웃다가울게만드네요.이영화를보고나서많이반성합니다 부모님의소중함을다시한번느낄수있었네요 좋은영화감사합니다,10
70,ㅠㅠ최고,10
71,진짜 재밌다,10
72,연기도 좋았구고 예승이 역할의 아이도 귀여웠다!맘에 안들어하는 사람도 많지만 난 딱 복 좋았다 눈물도 많이 흘렸고 이런 현실이 있을지도 모른르는 안타까움과 감동과 재미를 다 본 영화,10
73,다시한번영화관에가서보고싶은영화,10
74,말이 필요없다,10
75,그냥 영화 개봉 2주 쯤에 여친소개로 보게됬는데 슬프더라구요 ㅠ,10
76,필요없다 그냥10점,10
77,나는 정말 다시 보고싶습니다,10
78,재밋네요,10
79,슬프면서도 웃습니다. 울고싶을때 보면 펑펑울겠어요ㅎ,10
80,"일베충 ㅁ,ㅊ,년들이 또 의리드립이네 셀레멘더나 가서 봐 극장안이 널널하니 좋을거다",10
81,아직본편을보지못했지만 예고편으로보니웃기고 슬프네요예고편만 봤는데도이렇게슬픈데 본편에서는 무지슬플꺼같네요 ㅜㅜ 빨리 봤으면ㅎㅎ,10
82,일베충박멸하러왓습니다,10
83,류승룡화이팅~~재밌게 봤습니다 ~~~~~~~~~~,10
84,관객들에게 감동과 웃음 주는 영화. 이영화로 웃음도 받고 감동도 받았으니 의리로 10점 드림!!,10
85,잘 봤습니다. 유승룡씨의 연기력과 어린 예승이와의 좋은 호흡으로 더 몰입하게  되었습니다.,10
86,의리  있다,10
87,ㅉㅉ 일베 OO들 ㅉㅈ,10
88,병ㅁ신새ㅁ끼들 자꾸으리으리거리네 꼭 그딴것만따라하면서 희열을느끼는 새 ㅁ끼들 얼마나 할짓이없으면 단체로이OO이고,10
89,오랜만에 재밌게 보고 슬프게 본 영화,10
90,이 영화야말로 10점만점에10점코믹하면서도 감동적인 스토리가 가슴을 찡하게만들어눈물샘을 자극하는 영화다류승룡 연기력최고였고... 딸 예승이 갈소원도 이 영화에 재미와 감동에 한몫해 정말로 감동적인 영화였다.,10
91,진짜 펑펑울고왔다..기대하고봤는데 기대이상으로 슬펐..ㅠㅠㅠㅠㅠㅠㅠ휴지 필수요 옷다젖기싫으면..,10
92,강추,10
93,정말 재미있고 짠했습니다...,10
94,모처럼 코믹하면서 감동있는 영화를 본것같다.배우들의 연기도 정말 좋았다.아역배우의 연기또한 볼만한영화이다,10
95,모처럼  잔잔이 마음을 울렸던 포근한 영황,10
96,어떠한 예술도 대중이 감동하지못하는 예술은 더이상 예술이 아니다 피카소 등등 그림을 이해하고 감동하는 자들만의 예술인 것이다... 영화 욕하지 마세요....,10
97,진짜완전재밋어요ㅜㅜ재미와감동,10
98,말이 필요없는 영화 기대이상!!^^눈물나도록 감동과 재미♥♥,10
99,영화가 나에게 주는 메세지는 감동 웃음 슬픔 그 자체 였다. 환상적이였다.,10
100,정말 영화보는 내내 울었던거같습니다....하..예승이.너무 자랑스러워..ㅠㅠㅠㅠㅠㅠ,10
101,감동그자체였습니다,10
102,최고임,10
103,ㅇ와ㅋㅋㅋㅋㅋㅋㅋㅋㅋ5점이하준사람은 알바임??대박ㅋㅋ1000넘엇다 해서 기대하고 봣는데ㅋㅋ 정말 말이안나옴 너무 재밌음!! 월래 영화보면 다시 잘 안보는데 다시보고싶은영화엿음!,10
104,짱,10
105,내마음을 울린영화 3번이나봄,10
106,다른말 필요없구요. 안보신분들은 꼭!!  보세요. 그리고 사는게 힘들고 죽고싶다 생각하시는분들은 더더욱 꼭!! 보세요.,10
107,"지난 2년연속 어포칼립토, 데이브를 따라하고도 흥행에 급급해 감싸기에 바뻤던  어둡고 부끄러운 한국영화계에 단비같은 영화. 아이러니하게도 류승룡씨는 앞선 두영화 출연이후  이제야 비로소 진짜 빛을 발하게 되었다.",10
108,완전감동적이면서슬프고잼잇구쵝오진짜류승용은연기대박쩔음ㅋ너무좋아옴,10
109,너무 가슴이 아프네요불쌍해...예승이역 갈소연양 연기를 너무 잘해서정말 영화가 끝나도 여운이 남는 영화입니다,10
110,최고입니다최고!!,10
111,진짜쟘잇어요!!!!♥♥♥♥♥♥♥진짜추천!!강추 ㅋㅋ,10
112,정말또보고싶은영화입니다.감동과재미 둘다있네요ㅜ,10
113,부모의 마음은 지적수준이 아님 마음에서 나오는 걸 보여주는 따뜻하면서 물클한 영화였습니다 ^^,10
114,조으다,10
115,최고의 감동으로 가슴을 따듯하게 적셔주었던 양화!,10
116,감동적이에요. 많이 울었습니다.,10
117,오랜만에 영화보러와서 정말 좋은영화봤습니다.웃고울고 정말ㅠㅠ,10
118,하..진짜 펑펑울다못해 마지막엔 엔딩크레딧 올라가는데도 다리에 힘풀려서 못일어나고 꺽꺽대다 겨우 나옴ㅠㅠㅠ,10
119,ㅜㅜㅜ,10
120,펑펑울었습니다. 꼭 한번 보세요.따뜻한 영화입니다.울다 웃다 울다 웃다강추합니다.,10
121,영화보고 울어본건 오랫만인 듯.,10
122,오랜만에 제대로 된 영화 보고 온것 같네요. 감성이 충전된것같습니다^,10
123,명작.,10
124,The best!!!!!!!!!!!!!!!!!!!!,10
125,류승룡 영화는 류승룡믿고 보는데 이번 영화 역시 실망하지 않았습니다! 아직 안보신분들께 꼭 추천해드리고 싶은 영화!!!!!!!!!!!!,10
126,너무재밋어서또보구싶어요!~~~♥♥♥2부편도보구싶어요!~~~♥♥♥,10
127,진짜 정말 추천해요!!정말 울고웃으며 봤던영화.,10
128,무조건추천,10
129,정말슬펏고요갈소원류승룡연기일품이었다습니다ㅎㅎ,10
130,하나뿐인 딸만 아는 조금은 모자란 당신..이용구 당신을 기억하겠습니다.,10
131,잼따ㅋ,10
132,아 진짜 우느라 혼났네요ㅠ. 강추!!,10
133,좋았습니다. 감동과 코믹.,10
134,보고움,10
135,영화보면서 이렇게 눈물쏟은건 처음이에요ㅠㅠㅠ진짜 좋은거같아요 여자아이연기도 짱이고요!!,10
136,제가 본 몇안되는 영화 중에 이 영화가 개인적으로 최고네요ㅜㅜ영화보면서 이렇게 웃다가 운건 처음이에요ㅜㅜ진짜 잔잔한 웃음나다가 눈에 눈물고이는 그런 영화같네요,10
137,"처음부터지루할틈도없었어요~빵터지는재미와감동까지~엄청울고나왔어요~괜히천만이아니에요~도둑들,광해다봤지만7번방이천만가치를제대로하네요",10
138,"작년,올해를 통틀어서 제가봣던 영화중에 제일 나은거 같네요 뭐..사람마다 다르겟지만 전 그렇게 생각합니다 ^^",10
139,영화 보는 내내 울다 웃다가 가슴이 멍~ 해지다가도 멍한데 막 웃기고.. 마음을 이상하게 만드는 영화였습니다. 류승범씨 연기 정말 감동이였습니다. 용구를 살렸어야지 ㅠㅠ 너무 늦어버렸잖아 ㅠㅠ...,10
140,그냥막감동적이고막울엇음ㅜㅜ류승룡연기대박ㅜㅜ,10
141,영 화 를 좋아 하는 사람으로서이 영화는 내용속 에 뜻 하는 바가 많고깨닫고  뉘우치게 하는 명작 입니다,10
142,딸둔엄마라 더 감동적임,10
143,"내가본영화중 가장 눈물을 많이 흘린영화에요ㅠㅠ 진짜 대박 감동,재미!!!!! 이거 평점낮게 주는사람 죄송하지만 이해안감...진짜 1000만관객 안넘을 수가 없는 영화! 류승룡 아저씨 짱임♥오달수,정만식아저씨등등도짱ㅋ...",10
144,진짜 재밋어요,10
145,웃픈영화ㅠ웃기다가 슬프다가....마지막에 펑펑울었습니다ㅠ 저 늑대소년보고도 안울었는데 날 처음으로울린찡한영화ㅠ,10
146,류승룡씨의재발견신현준씨의뒤를이은바보연기참인상적이네요ㅋㅋ굿굿굿예승이~~~예....예뻐!,10
147,이리보고 저리봐도 흠잡을 곳 없는 완벽한 영화 배우들의 연기와 완벽한 스토리 탄탄하게 잘 짜여진 영화 웃다 울다가 인위적이지 않다 그래서 좋다!,10
148,좋은 영화네요 꼭 보세요,10
149,천의 배우 류승룡!!! ㅋㅋㅋ 내아내의 모든것에서 보고 같은 분인줄 몰랐어요?,10
150,2013년 최고의 감동영화! 정말 눈물 꾹꾹 참았는데 한두방울 흘렸네 결국...,10
151,2013년 영화 본것중 최고네요...정말 잘봤습니다,10
152,처음으로 눈물펑펑흘린영화! 안보면후회합니다~~^^*,10
153,최고....아이엠샘보다 훨씬 좋았음..,10
154,평점쓰기는 첨이네용;; ♡♡♡♡♡,10
155,진짜감동적임!,10
156,내가 평점 처음 매기는데 진짜 눈물샘열어줬다 안봤으면 꼭 봐  돈내구 영화관가서,10
157,ㅜㅜㅠㅠㅠㅠ,10
158,너무 울어서 눈물 닦느라 눈에 상처까지 났어요. 너무 슬프게 잘봤습니다. 그동안 봐온 영화중에 처음 부터 마지막까지 울었던 영화였습니다. 7번방의 선물 감사합니다.,10
159,영화 초반에 과거를 회상하는 부분에서 1997년대에 맞지 않는 신식의 차들을 보고 마음이 쓰였지만 끝까지 다 보고나서는 쫌생이가 된 기분.류승룡씨가 나온 작품들은 믿고 봐도 될만큼 신선하고 재밌네요. 저는 영화에 완...,10
160,영화를 보고온지 꽤 시간이 흘렀지만 지금도 장면장면을 생각하면 눈물이 흐릅니다..  관객이 모두 빠져나가고 앤딩크레딧도 다올라갔지만 감정이 추스러지지않아서 자리를 뜰수 없었습니다..,10
161,류승룡 완전 연기 잘해요 그리고 완전 슬퍼요 ㅠㅠ,10
162,7번방의 선물 대박! 쵝오~~~^^,10
163,웃기고슬프다 첨으로 평점등록!,10
164,아......... 그냥 .... 짱임,10
165,착하다,10
166,진짜 영화보면서 이렇게 눈물난지 간만이네요..연기도 다잘하구ㅠㅠ감동적입니다..좋은영화네요,10
167,뻔한 스토리지만 거부감 없이 감동으로 전해주는 영화. 보는 내내 아픔과 즐거움이 공존하는 영화. 왜 추천하는지 알겠네요. 좋은영화입니다.^^,10
168,너무재밌었어요 다들연기가대단하네요,10
169,아 정말 재밌게 봤습니다. 가족끼리 봤는데 헨젤과 그레텔보자니까 이거 보자해서 보고왔는데 정말 무슨내용인지 하나도 모른 상태로 관람했는데 정말 재밌내요 광해 이후로 나온 영화중에 가장 잘만든 영화 같습니다.,10
170,너무 울어서 쪽팔렸다 웃기고 슬픈 가족영화,10
171,평점 10이 아깝지 않은 영화! 웃음과 눈물이 함께 있었던 영화였다. 감독이 마법사 같이 관객의 마음을 잘 터치한다. 내 인생 최고의 영화다.,10
172,진짜감동이었어요,10
173,훌쩍훌쩍 ㅠㅠ,10
174,펑펑 울고 왔어요 ㅠㅠㅠㅠㅠㅠ,10
175,보면서 계속 울었던 제일 감동적이고 만족스러운 영화,10
176,이렇게눈물많이흘렷던거처음,10
177,울음참느라혼났슴,10
178,정말감동입니다..,10
179,제가봣던영화중에제일감동받앗네요 짱,10
180,딸을위해 사형을 택하는. 아는것없는 바보지만 딸에대한 사랑만큼은극진한 용구에게 감동빋앗다. 나를 움직일줄이야...,10
181,어제봤는데영화관에서진짜심하게울었네요ㅋㅋ특히용구가끝부분에살려주세요잘못했어요하는부분에서빵터져가지구ㅠㅠㅠ감동도있구재미도있어요!!진짜다음에시간되면돈주고또봐도아깝지않을영화입니다!!,10
182,"연기자들이 연기를 잘해 좋습니다 , 이 영화보고 느낀점은 억울하게 당하지않아야겠다 생각이듭니다.",10
183,미네랄~ 랄라차기!!!!!! ㅠ_ㅡ ㅋㅋㅋㅋㅋㅋ 슬퍼 ㅋㅋ,10
184,더이상말이필요없다,10
185,굿,10
186,손수건안챙겨가서대략난감넘감동적이고 리얼한배우들의연기에감탄간만에초대박 멘붕을가져다준 영화강추♥,10
187,최고,10
188,아진짜너무감동 ㅜㅜ두번세번계속보고싶을것같은영화엿어욤~최고의영화♥♥♥♥,10
189,좋아요b,10
190,마지막에 울 정도로 감동적인 영화.,10
191,와 진짜 영화보다 울어보긴 첨이네,10
192,잼나네요,10
193,와 대박;; ; 진짜 영화 본거중에 가장 많이 울은 영화 흑흑 ;; ㅠㅠ,10
194,감동적인영화~,10
195,돈이 아깝지 않음 울다 웃다 2시간이 갓네요,10
196,잘 만든 한국영화! 류승룡 이하 모든 배우들의 연기가 잘 조화되어 억지감동없이 눈물 쏙 빼네...ㅠ 박신혜의 법정신은 살짝 어색했지만 이쁘니까 패스 ㅋㅋ,10
197,정~~~말 재밌어여! 꼭보러갈때  휴지 들고가세여~,10
198,완전강추! 눈물없이는 볼수없는 영화 ㅠㅠ,10
199,매진이 장난아니라서 어제 겨우봤어요,10
200,울다가 웃다가ㅏ,10
201,엉엉울게됨 ㅠㅠ,10
202,3/1을 울었습니다 ㅠㅠㅠㅠㅠㅠㅠㅠㅠㅠㅠㅠㅠ 3/1은 웃고 정말 좋은영화 잘봤습ㄴ디ㅏ ㅠㅠ,10
203,나 이거보고 통곡했다ㅜㅜ,10
204,진짜 너무 슬프고 감동이고 ㅠㅜ 웃기고 ㅠㅜ 돈주고 봐도 안아까울 영화!!!,10
205,그냥 눈물이 알아서 흐르는 영화.....! 근데 확실이 억지로 눈물을 만들어내는 기분은 들었다. 그래도 감동있는 영화,10
206,진짜진짜재밋어요♥3♥후반부터 슬퍼서 눈물참느라 아주 고생고생을..;;보면서 계속 아빠생각이 나서 더 눈물이 난 영화ㅠㅠㅠ덕분에 눈이 퉁퉁부었지만 정말 재밌었어요!배우들 너무 멋지고 다들 너무 수고한 영화....아빠한...,10
207,여윤까지 좋은영화,10
208,세일러문 가방이 뭐라구...ㅜㅜ올 봄엔 비타민이 풍부한 콩 많이 먹어야겠음,10
209,7번방의 선물 영화관에서127분이 아깝지 않은 영화배우들의 명연기와 스토리에 정말 감동!!!저 원래 영화 별로 안보는데 이영화는 강추!!!!,10
210,눈물펑펑쏟고왔었죠...ㅜ 평점 쓰는거 처음이네요 말그대로 최고의 영화네요ㅜㅜ칠번방 만세♥,10
211,진심 완전 짱임 ㅠㅠ 여기설명에 웃음과감동이 있다고했자나요? 진짜임 ㅜㅜ 웃긴것도있고슬픈것도있음.. ㅠㅠㅠ영화고ㅓㄴ에서울었슴 ㅠㅠㅠㅠ사람들거의다움 ㅠㅠㅠㅠ배우들연기도완전잘하고내용도좋음 ㅜㅜ 아.. 고민하시는분들있으면...,10
212,그냥 말이 필요없는 영화다.,10
213,그냥 아무 개대 없이 봤는데 진짜 재밌게 봤어요 ㅋㅋ 진짜 한번 더 보고 싶은 영화 인것 같아요 앞으로도 이런 영화 많이 나왔으면 좋겠네요,10
214,오랜만에 최고의 영화봤다ㅠㅠ 대박추천~~,10
215,슬프고 재밌고..예승이 이쁘게 컸어,10
216,아 감동먹엇음 보고 펑펑울음,10
217,대박~ 안보면 진짜후회해요!,10
218,진짜 최고인거 같아요,10
219,말이 필요없네요 ㅜㅜ,10
220,말이 필요없는 영화 꼭 보시길!!,10
221,웃음소스 없었으면 울다 탈진했을꺼에요.잘봤습니다 감사합니다.,10
222,영화다보고 처음으로 별점이란걸 써봅니다영화다보고 집가는길에 검색한것도 처음이네요신파극이지만,10
223,펑펑 울었다.  전문가평점은 뭐 저렇지. 피도눈물도 감정도 없는사람들인가.,10
224,재밌어요,10
225,와..영화관에서 영화보면서 처음으로 울었어요ㅠㅠ마지막에 터져요ㅋㅋbb류승룡짱,10
226,진짜 보는 내내 계속 재미있고 눈물 쏙 뺀 영화...ㅠㅠ개그 요소도 많고.. 진짜 연기들도 잘하고 많이 슬픔..쪽팔려서 안울려고 햇는데.. 결국 사람 눈물 쏙빼게 만든영화 ㅎ,10
227,눈물난다 근데 이거 실화야? ㅠㅠ,10
228,숨죽이고 울다가 갑자기 웃기기도 해서 당황스러웟던 영화 ㅋㅋ 아역과 류승룡의 궁합에 만점이 아깝지 않아요♥,10
229,기대없이 봤는데 너무넘 *10000000000000000000 잼있어요,10
230,정말  재밌는 영화 인듯.. 또 보고싶다ㅠㅠㅠ,10
231,정말 꼭 봐야되는 영화ㅠ.ㅠ,10
232,또 보고싶네,10
233,대박..처음부터울고 보는내내울고 콧물까지흘리며울고..남친이보고놀랬슴ㅋㅋㅋㅋㅋㅋ 끝날때 실신할뻔..이제예승이얼굴만봐도눈물날꺼같음 오랜만에진짜영화다운영화 사랑해오 감독님♥,10
234,재미와감동 그 자체‥안보고는배길수없는영화,10
235,웃기기도하고 슬프기도하고 재밌어요!!,10
236,ㅇ용구,10
237,감히 말하자면 여지껏 살면서 본 한국영화중에 평점으로는 1등이라고 말할수있겠습니다...최고최고,10
238,ㅋㅋㅋㅋ웃기고 슬퍼요ㅠㅠㅠㅠ,10
239,영화보고 왠만하면 안우는데 이 영화는 눈물이 왜이리 나는지..정말 오랜만에 재미있고 감동있는 영화를 본것같다 조연들의 연기도 짱짱,10
240,슬푸,10
241,지금껏 본 영화중에 가장 감동이었다. 기존 코미디 영화가 내내 웃기다 막판에 감동을 주는 방식이라면 이 영화는 감동과 재미를 번걸아 가며 느낄 수있게 해주 었다.,10
242,진짜 이런영화 처음이다 ㅜㅜ,10
243,엄마랑 동생이랑 보러갔는데 영화보는 동안 완전 펑펑 울었어요ㅠㅠ우리 동생이 영화보면서 눈물 쪼금 흐린 적은 있어도 이렇게까지펑펑 울게한 영화는 첨이에요ㅎㅎㅎ이 영화는 완전 대박이에요!!!!!!돈주고 봐도 아깝지않은 ...,10
244,영화보고 오랫만에 꺽꺽 울었네요 마지막 불이꺼졌는데도 자리에서 일어나질 못했습니다 아직두 용구가 살려달라고 비는 소리가 들리는것 같습니다 근데 마지막 예승이가 정의 이름으로 아빠를 용서한다는 말은 이해가 안가네요 용...,10
245,김선외랑 봤어요 ㅋㅋ 7번방의 선물~ 쵝오!! 류승룡~ 쵝오~!!!,10
246,굳,10
247,굉장히 의미있는 시간이었던것 같다. 처음부터 끝까지 울음바다이니 목이 메이기 전에 팝콘은 다 먹어두는게 좋다. 영화 끝난 여자화장실은 화장하느라 분주한 여자들로 차있다.,10
248,7번방짱,10
249,7번방의선물짱~~♥♥,10
250,명작,10
251,사랑합니다,10
252,정말재밌게봤습니다!영화관에있는 모든 사람들이 다 웃고 울면서 봤던 영화인것같네요,10
253,안구 습기..,10
254,정말  재밋음 ㅠㅠ이게 영화다 ㅠㅠ,10
255,말이 필요없어영,10
256,말이 필요없다.용구와 어린 예승의 하모니는 눈물겹도록 아름답고 이들을 위해 고군분투하는 사람들의 훈훈함은 배를 더한다.이런 영화가 천만을 가야함 ㅠㅠ최고!!!또보러가고싶다...,10
257,이건 레알 짱임,10
258,ㄷㄷ,10
259,"우연히 티비에서 아버지란 노랠듣고  이영화를 접하게되었습니다. 정말 2시간내내 눈물콧물 다쏟은 영화 , 아버지란 세글자를  가장잘표현한 영화",10
260,너무 슬퍼서 무서운 영화다. 이렇게 심하게 울어보긴 처음이네ㅠㅜㅜㅠㅠㅠㅠㅠㅠㅠ 웃다가 울다가 바보가 따로 없었음...... 특히 잘못했다고 울부짖을때 쓰러질뻔,10
261,진짜 중독성쩌는 최고의영화ㅜㅜ♥♥,10
262,젠장 너무 슬프잖아 ㅠ,10
263,재밌다ㅋ,10
264,생애첫덧글임,10
265,쓰레기같은 영화 평점10점주는 알바는 보고 이해하겠는데 1점 알바 새끼들은 뭐냐 ㅡㅡ,10
266,가족...가족의 사랑이란 이런걸까 싶은마음이 들었다눈물이났고 극장은 울었다 웃었다가 한시도 스크린에서 눈을 떼기가싫을만큼감동적이였고 훌룡하였다,10
267,완전 좋았어요 짱입니다,10
268,아진짜 짱 슬퍼ㅠ,10
269,ㅠㅠ강추입니다...ㅠㅠㅠ,10
270,안봣지만 재밋을듯 ㅋ,10
271,감동적,10
272,현실적 억지스럽긴 뭐가 억지스러워,10
273,진심 대박 고라요,10
274,진짜 눈물 겨우참앗네...,10
275,영화보다 처음 울어봤어요...........,10
276,슬퍼...ㅠㅠ,10
277,억울함과 짜증과 웃음과 기쁨이 모두 어울러 하모니가 되는 느낌이다. 아역의 연기는 좋고 귀여웠다. 류승룡도 류승룡이지만 아역도 류승룡 못지않게 잘했다고 든다. 그리고 오달수의 능글맞은연기는 일품이였고 김정태의 깐족연...,10
278,말이필요없어요,10
279,진짜이영화대작입니다,10
280,돈이 이깝지 않아요!!  웃겨 죽는줄 알았어요~~진짜 재미있습니다. ㅋㅋㅋㅋ,10
281,펑펑울엇따ㅠㅠ진짜강추!,10
282,말이필요없어요 류승룡대박..!,10
283,첫번째 볼 땐 슬프다... 했는데 두번째볼땐 정말 펑펑 울게 되더라구요.. 정말 간만에 기분전환도 되고 좋았습니다!!,10
284,코믹하면서도 감동적이에요 눈물을 참을 수가 없더라구요추천하고 싶네요,10
285,.,10
286,"동생과 함께보는데, 울음참느라 힘들었습니다.,",10
287,이번해 최고의 영화로 뽑겠습니다,10
288,뭔가꽉찬느낌의영화였다 마음이따듯해지는.. 펑펑울다가 눈물흘리는와중에 웃겨서빵터지고..ㅎㅎ,10
289,방금보고왔는데 눈아파서 죽을뻔;;;;;눈물이 걍 줄줄 흘러내리고마지막에는 좀...눈물쏙들어갔지만 좋앗슴!역시 믿고보는 류승룡임 개사랑함,10
290,눈물 한바가지 쏟고 나왔습니다 웃다 울다....류승룡오달수님 연기 쵝오!!!!,10
291,"류승룡 최고!!,갈소원 완전 연기 잘하고 귀여운♥",10
292,아 진짜 존나게 질질짜는 영화다 진짜 와 ..,10
293,영화 재밋게 잘봤습니다 아이가 연기를 너무 잘하네요..류승룡씨 다시보게됫네요..원래 좋아하는 배우이지만^^,10
294,넘 감동..,10
295,가슴 따뜻해지는 영화네요 잘봤습니다!^^,10
296,정말 추천할수 있는영화 !!! ㅋㅋ,10
297,설날에 어머님과 함께 잘봤습니다.부모님한태 더욱 잘해드려야겠다는생각이 들던영화,10
298,정말웃고울고했던영화 영화보며 운적은없는데이건참슬프네요 잔잔한감동도있고요최고입니당,10
299,정말.. 착한 영화..,10
300,너무재밌어여!!! 계속울면서봤는데.ㅠㅠ 다시 또보고싶다...,10
301,그냥짱!!,10
302,굿...,10
303,최고의 영화...,10
304,평론가들이해ㄴㄴ맨날까데기만하네,10
305,너무 재밌었어요~뒷부분은..눈물났지만..! 진짜 봐도 후회안하고 말이 필요없는영화에요♥,10
306,엉엉,10
307,말이필요없네요,10
308,정말 재미잇엇는데 정말 슬프기도 하네요 ㅠㅠ 감동 받앗어요 ㅠㅠㅠ,10
309,영화를다본후에들은생각은아이영화는극장에서보면안되겠구나극장에서볼영화가아니구나울면옆사람한테민폐고참으면머리아프니까영화후반부로갈수록생각나는말은 상스럽지만ㅅㅂ참으려고악쓰다가결국에는중얼중얼경찰청장한테그리고경찰들한테내뱉게되는말,10
310,경찰청장나쁜놈 ㅠㅠㅠ 연기를 잘해서그런지 내가 가서 때리고 싶었네 ㅠㅠ길소원양이랑 류승룡 쩔허 ㅠㅠㅠ 근데 결말이 속상하네융,10
311,재밌기도하면서슬프고 울다웃다한영화네요 다들연기도너무잘하고 또보고싶은영화에요 그저께봤는데오늘또보려고예매했네요ㅎ,10
312,짱,10
313,감동 그리고 웃음까지! 최고 ㅠㅠ 슬프다잉,10
314,이런게 진정한 영화지,10
315,그냥 자신이 재밌으면 된거다 세심하게 파고들어가면서 태클걸필요는 없다고본다,10
316,재밋네요ㅎㅎ슬프기도하고,10
317,rnt,10
318,진짜 너무 슬퍼서 중간부터 계속 눈물나옴 ㅠㅠㅠㅠㅠㅠ휴지챙겨가시길 ㅠㅠㅠㅠ,10
319,안보신분들 빨리 보러가세요 ㅠㅜ,10
320,저가감정몰입이심해서인지슬픈장면나올때게속울었어요.,10
321,정말 울다가  웃다가 또 다시 울기를 수 없이 반복했어요...상영중 잠시도 눈을 뗄 수 없는 영화에요~특히 갈소원이라는 아역배우의 연기가 인상깊었던 영화 인것같아요!정말 연기 잘 하더라구요^^,10
322,눈물난다,10
323,예승아아~~~,10
324,울다웃다 감동받았어요 이거 못보면후회할꺼에요 1년치울꺼 영화보면서 다울었네요,10
325,너무 재밌어요... 웃다 울다....감동까지 꼮보세요 진짜 강추드립니다.,10
326,굳굳,10
327,재미도잇지만 슬픔ㅇㅣ너무커요ㅠㅠ웃긴장면도슬퍼ㅠㅠ,10
328,"오랜만에 보는 내내 참 많이 웃고, 울던 영화였다! 사회적약자라는 것에 분노를 일으키는 흔한 소재였지만, 역시 배우 류승룡은 무시할수 없는 힘이 있는 배우였다…! 그 옆에서 어시스트해주는 조연들 또한 good…:-)...",10
329,많이 울었네요 딸생각도 많이하고,10
330,가슴이 저리게 눈물났던... 신랑이랑 둘이 같이 보면서 울었어요,10
331,어린애 연기진짜잘하고ㅠㅠ 나중에 생각해보면 억지가 많지만.. 그래도 보고있을때만큼은 쵝오였다.. 따봉 감동폭풍,10
332,재밋음,10
333,어떻게 10점을 안줄수 있겠어요.배우분들 연기력 정말 대단해요ㅠ영화보는 내내 울다가 웃다가를 반복했던것 같네요.그리고 바보연기 정말... 말로 설명할수 없네요 ㅎ7번방의 선물 짱!,10
334,굿!,10
335,재밌게잘봤어요!!!!,10
336,최고의감동영화 짠함과 웃음이 적절하게 조화를잘이룬다 배우들의 연기는말할필요없이 완벽?!주인공류승룡의연기는더돋보였다 감동과웃음뒤에 우리현실을 다시돌아보는 이시대최고작!!,10
337,코믹 슬픈 등등을 많이 가지고있는 영화 예승이의 1.2.3. 다음의 그 코믹과 재미의 막춤 정말 재밌어여,10
338,경찰청장 OO끼,10
339,대박영화 너무재밌게봤음,10
340,진짜 눈물이 계속 나와ㅠㅠ,10
341,굿,10
342,정말 감동적인 영화라고생각합니다 펑펑울었어요ㅠㅠ,10
343,완전 재미있었어요ㅠㅠㅠㅠ너무재밌고슬프고아주 ㅠㅠㅠㅠㅠㅠ짱짱!!,10
344,굿!!,10
345,모성애봐 진한 부성애...흐르는 눈물을 주체할수가 없어서 힘들었네요...권력이라는게 정말 무서운건 알았지만 이렇게까지...덕분에 실컷웃고 실컷울었습니다...감사합니다,10
346,강추,10
347,진짜 진짜슬프고 웃긴영화였어요ㅜㅜ 류승룡씨는 연기를 정말잘ㅅ셨어요,10
348,재미있었어요 특히 대한민국의 지위높은 사람들에게 장애인이란 아무존재도 안된다는 것에 대해 좀 안타까움을 느꼈네요. 지위높은 사람들 뿐만이 아니라 그냥 서민들역시 장애인을 깔보기는 마찬가지거든요. 한편으로는 반성을 하...,10
349,눈물없이 볼수없어요ㅜㅠ 이런 영화 너무좋아,10
350,눈물펑펑 쏟은 영화..진짜맘도따뜻해지고 조연들이 대박  빠방한 영화.  진짜 엄청  울었네ㅠ왜케 연기를 잘하는것이야,10
351,진짜굳......,10
352,"짠하고 아버지의 사랑을 느낄수 있는 영화였다. 왠지 지금 시대를 반영하고 있는것 같아서 마음이 불편하기도 했지만, 정말 최고의 연기들로 영화 내내 집중할수 있었고, 함께 울수있는 영화였던것 같다. 최근에 본 영화들 ...",10
353,재미있음,10
354,재밌고 슬프고 두개가 어색하지않게 잘 조화롭게 잘 만든듯,10
355,try하고newp는봐라니가진짜영화인이자try너는지식인이면그딴덧글올리지말고열심히공부나하거라,10
356,이제까지 영화중 제일 짱인듯ㅎ,10
357,.,10
358,"완전최고였어요~눈물,콧물 다 빼고 거기다 잔잔한 웃음과 폭풍감동까지~~또 보고픈영화~딸램 8살이라 함께 못 봤는데~보여주고싶은 영화~1000만 꼭 넘었으면 하는 영화~~입니다.",10
359,정말 감명깊은영화다.  마음을 울리는 영화다 류승룡씨의 연기력에 정말 감탄했다. 정말추천해주고싶은 영화!!,10
360,너무 감동과 재미가 같이 공존하는 영화입니다!!,10
361,최고 지루함이없는.완전 웃끼고 완전 슬픈영화,10
362,울다웃다.울다웃다를 반복했네요. 울신랑 웬만해선.울지않는데 이거보며 계속.눈물훔치고 가슴이 아직도 먹먹합니다.,10
363,내 생에 이렇게 꺼이꺼이 운적은 처음입니다..류승용님 연기 정말 천재적인거 같아요. 너무 연기를 잘하시고 예승이도 너무 감정이입이 되서 감동의 도가니였습니다. 너무 늦게 봐서 아쉬울따름.. 마지막에 너무 안타까웠지만...,10
364,전문가 평점 너무하네.영화 참 잘만들었다는..슬프다,10
365,눈물콧물 다빼는 감성적인 영화 꼭 보시길 추천합니다.,10
366,포스터보고 3류 영환줄알았는데 진짜 재밌다...,10
367,정말 영화보면서  울었던적은  없는데   이영화보고  너무많은 눈물을 흘렸습니다,10
368,그냥봐..,10
369,보는 내내 울어버렸다 ㅠ 정말 감동적이다 처음으로 영화를보고 울었다 내생에 다시없을 최고의 영화인것같다 ㅠ,10
370,꼭 보세요!!!!,10
371,진짜짱 울고웃고울고웃고 정신없이 빠져들게만드는 영화 너무너무 재밌었음,10
372,진짜 감동먹었어요 재미도있고요,10
373,정말 감동적인 영화였습니다!! 대박 날것같아요.....,10
374,넘 재미있어요가족과 함께  꼭 보세요,10
375,굿,10
376,울면서 이거 언제끝나...하던 영화,10
377,감동도있고 재미도있고 스토리도좋고 정말 짱이예요! bbb올만에 제대로된영화본 느낌? 티켓값 안아깝고 후회도 하지않은 정말 잘봤다라고 생각이 든 영화입니다,10
378,말이필요없는영화,10
379,웃음과 감동 두가지를 느끼며 난 용구보다 못한아빠.......ㅜㅜ,10
380,너무 감동이에요^^,10
381,"예매율이 좋아 심야영화로 봤는데도 좌석만석! 가족,연인,친구 누구와봐도 웃음과 감동 백점만점입니다 색다른 스토리속에서 느껴지는 무한매력을 아끼는분과 꼭함께하셨으면합니다!♥",10
382,완전재밋고슬퍼요ㅠㅠ!!,10
383,무슨 숨막히는 액션영화의 클라이막스같은 부분이 이 영화 전체에 분포된것 처럼 단 1초의 지루함도 느낄 수 없는 스토리와 배우들의ㅈ조화 특히 아역 예승이의 연기는 압권,10
384,처음엔 그렇게 안 슬플 줄 알았는데 초반부터 울컥하다가 후반부에 펑펑울음..휴지꼭챙겨가세요,10
385,완전감동 ㅠㅠㅠㅠ 폭풀눈물과웃음을선사했음 ㅠㅠ,10
386,진자ㅠㅠ이거는중간부터슬프고웃기고ㅠㅠ진짜한번더봐도되는영화~!!,10
387,정말 재밌게 봤습니다~,10
388,"와,,,,정말 재밌기도하면서 정말 진심 슬픈 영화입니다,,ㅠㅠ 추천합니다~!!!!",10
389,오랜만에 매말랐던 눈을 바다로 만들어준 작품,10
390,돌아가신아버지생각이나서 한참을울었습니다....감동과 웃음. . 최고에요,10
391,최고 ㅠ,10
392,눈물 참느라 너무 힘들었습니다,10
393,웃다가 눈물이 주르륵,10
394,ㅋㅋㅋ 진짜 웃프다 ㅋㅋ ㅠㅠ,10
395,진짜 오랜만에 제대로 웃다가 운 영화 류승룡 진짜 연기대박 예승이콩먹어 콩 비타미인~~~~,10
396,평점높다고하는 사람들 엄청 많은데 평점은 자기가 느끼는 그대로 주는거다. 이 영화는 정말 좋았다 내가 느꼇던 것도 그렇고 나같이감동 받은 그대로 준 평점...  높다고 욕하지말자좀,10
397,대성통곡,10
398,짱,10
399,다들 아역까지 연기도 너무 잘하고  재밌고 슬펐어요ㅜㅜ,10
400,진짜내가태어나서본영화중에 제일재밋고 감명깊음,10
401,재밌고 슬프고 감동있는 영화,10
402,기대안하고 입소문듣고 봤는데 너무 재밋어요 눈붓도록 울었어요 예승이가 연기 넘잘해요 보면서 진짜 분통터지는줄..ㅠㅠ 류승룡 연기도너무잘해서 소름돋을정도...ㅋㅋㅋㅋ,10
403,너무 감동적인영화,10
404,이건 진짜 별 열개가 모잘라요 네이버 아이디 백개만들어서 백개 다 평점 10점줘도 성이 안차는 그런영화... 예승이랑 류승룡 아니 출연 배우들이 다 명품!@!!!!!ㅠㅠㅠ가족연인친구원수꼭보세요 다우실거에요!!티슈지참...,10
405,처음 평점 올리네요 .. 전문가들의 7점은 정말 한심하게 느껴질 정도로 최고의 영화입니다 강추요,10
406,진짜 최고..말이필요없는영화..웃다..울다..강추!,10
407,오랜만에  눈물흘리며 본영화네요 ㅎ ㅎ 좋엇어요~^^,10
408,ㅜㅜㅜ,10
409,안 울어야지 하고 생각하고 봤는데 정말 감동적이고 슬퍼서 눈물 많이 흘렸네요 ㅜㅜ,10
410,진짜 오랜만에본 재미잇는영화,10
411,살면서이렇게눈물나는영화는처음이었어요..꼭보세요...,10
412,ㅇ,10
413,흐흐흐 아나이거 너무 재밌었어요! ★대전으로 무대인사 와서 더 좋았구요! ★배우 한명한명 다들 기억에 다 콕콕 박혔어요!★오늘 400만 돌파도 너무너무 축하해요!★,10
414,꼭보시길,10
415,슬프면서도 웃겼습니다~^^,10
416,넘슬퍼  ㅠ ㅠ 예승이엄연기잘햐용,10
417,엄마와 펑펑울엇다.이영화 정말  잊지 못한다.내평생 최고의 영화중 하나가 될듯,10
418,최고!!,10
419,너무감동적인이야기이다..,10
420,진짜 영화보면서 사람들과 같이 욕하고 울어보는것도 처음이네요.. OOO의 경찰청장..,10
421,영화보면서 이렇게 울어본적은 처음;;,10
422,오늘 7번방의선물을 보고와서 내주위에 나를사랑하는 사람들이 얼마나 소중한지 한번더 깨닷게 됩니다 최고!,10
423,감동적입니다,10
424,류승룡 짱!!!다시보고싶은 영화임ㅠㅠㅠㅠㅠ,10
425,처음에 너무 재미 있었는데 결말은 눈물나게 감동이네요ㅜ,10
426,"아.. 진짜 영화보고오니까 평점이 이해되네요.. ㅠ 너무 울어서 머리아픈건 처음입니다 ㅠ.. 개인적으로 류승룡씨 정말 좋아하는데, 정말 기대이상이었습니다 ㅠ 다른 배우분들도그렇고 ㅠ 잘봤어요, 정말 ㅠㅠ",10
427,너무 슬퍼요 ㅜ,10
428,굿,10
429,감동적인 영화 ㅠㅠ,10
430,나이 서른먹고 이런거 처음하는데 2013최고의영화라해도 과언이아니고 왠만한 극장개봉 코미디 영화보다 재밌는듯... 그리고 겁나슬프니까 눈물닦을꺼 가지고가세요 여성분들 화장 다지워질듯...ㅜㅜ,10
431,웃음반 눈물반.. 정말 울었습니다..,10
432,영화보면서 울어보긴 처음이네..잼있어요,10
433,영화관에서처음울어봄 ㅜㅜ재밌음,10
434,슬프고 감동적이다,10
435,존나 울었다,10
436,보는내내 울다가 웃다가 넘  재미나게 봤습니다배우들 연기도 너무 좋았구요 전 추천합니다~~,10
437,그냥 최고!,10
438,말이 필요가없다....처음엔 조금슬프다가 재밋다가 완전 가면갈수록 슬프다 ㅠㅠ 꼭 추천하는 영화!!,10
439,감동적이고 웃기고ㅠㅠ 난 너무 재밋었당ㅋㅋ,10
440,ㅂ보면서 울고웃고 난리.... 너무슬프고 재밋어요!류승룡도 대박이지만 다른 사람들도 딘짜연기 짱잘함!!!지금까지 본 영화중 최고인듯...류승룡의 바보 연기가....와 그냥최고♥,10
441,오랜만에 좋은영화이나 실화바탕이였다면 별점 20개다,10
442,진짜짱 ㅠㅠ 엄쳥울엇어욤 ㅠㅠㅠㅠ 완전강추 (^-^)v,10
443,아.. 진짜 개감동이다ㅜ 질질짜면서 봤어유ㅠㅠ,10
444,아윽 아직도슬프 .... 추천추천,10
445,난남잔데 이렇게울면서본영화는첨인듯 ㅠ 곧태어날아기가딸이라그런지 더 감정이입하면서봄..류승룡씨연기짱임,10
446,진짜가서펑펑운영화는처음이에요 가족끼리같이가면더좋을영화!,10
447,여친이랑 보면서 둘이서 울고불고 ㅋㅋㅋ광해 이후로 진짜 재밋게본영화 ㅋㅋ,10
448,오랜만에 시원하게 울다나온 영화.,10
449,폭풍감동ㅜㅜ   계속울면서 봤어요ㅜ,10
450,진심 마니울엇음 ㅜ완전대박임  강추함!,10
451,흔치않은 부성애를 그린 영화. 남자들이 많이 울음,10
452,대박!,10
453,완젼쨩 ㅠㅠ보고친구랑같이 극장에서질질율엇다ㅠㅠ,10
454,류승룡님의 연기와아역배우의 찰떡궁합과 개성이 넘치는 조연들의맛깔나는 연기,10
455,말이 필요 없음,10
456,진짜....꼭보세요 내가 본 영화중 가장 슬픈영화임 ㅜㅜㅜ,10
457,진짜 말이 필요없어요 직접 보세요!울다가 웃다가...강추합니다,10
458,진짜안우려고했는데 마지막에 살려주세요라할때 폭풍눈물,10
459,애기너무사랑스럽고 연기도잘한다꼭보세요~잔잔한여운이 남을거에용,10
460,예승이,10
461,오랜만에 웃고울고웃고울고를 반복한 영화,10
462,다들연기를너무잘하시는듯..여자애기도너무귀엽고 한편으로는좀많이안타까웠지만 진짜 재밌습니다,10
463,이거보고 감정이 없다는 분들 병원가서 치료좀 받아야될듯..ㅎ정말 재미있고 감동적이였다,10
464,슬퍼요ㅠㅠㅠㅠ,10
465,영화가 끝나면서 아빠의 소중한 존재를 다시 생각나게끔 하는 영화 ㅜㅜ 여운이 강렬하다.. 류승룡이라는 배우 멋있다!!,10
466,재미도 있고 감동도  있네요.,10
467,감동과 재미를 동시에 주는 영화네요. 정말 많이 울고 왔습니다. 가슴이 아프지만 딸을 사랑하는 아빠의 마음이 느껴지는 영화네요,10
468,역시기대이상!ㅋ,10
469,너무 펑펑울고 또 웃고 정말여운도남는 영화,10
470,굿...,10
471,끝에 폭풍눈물..ㅠㅠㅠㅠㅠㅠ 엉옹어엉어어어우어흐그흐ㅡㅅ흐그흑흑,10
472,다시보고싶은 영화다 진짜!! 모든 배우가 연기를 너무 잘하고 특히 류승룡분과 예승의의 연기는 진짜 나도모르게 눈물흘리게한다ㅜㅜ 극장안 관객들이 다들 울면서 봣다...ㅠㅠ전문가 평점은 이제 안봐야지.기준이 머지 대체....,10
473,완!!!전!!!감!!!동!!!!ㅠㅠㅠㅠㅠㅠ진짜 눈물 펑펑쏟았어요ㅠㅠ 연기도  다 잘하시고ㅠㅠㅠ완전 진짜 안보시면 정말 후회하실거예요!!!이거 왜 점수가 10점밖에없는지ㅠ.ㅠ마음같아선 진짜 더더더더더더주고싶은데..진짜...,10
474,진짜대박........,10
475,이때까지 콧물 제일 많이 흘린영화,10
476,"웃음과 감동, 그리고 공권력의 실체를 보여주는 훌륭한 명작",10
477,아ㅜ눈물콧물 ㅜㅜ다짯넹ㅜ웃기기도 진짜웃기고 완전강추!  10점밖에 못주는게 안타까움ㅜ,10
478,웃는건 안 참는데울음 참느라 너무 혼났어요.....그 정도로 못참게 하는 영화입니다,10
479,이때까지 본 영화중 가장 큰 감동이었다,10
480,폭풍눈물,10
481,재밋고 슬프고 정말 감동적!!!,10
482,"영화관에서 울음 참는다고 고생한 영화, 웃고울고 참 괜찮은 영화다.",10
483,평점진짜잘 안쓰는데 진짜최고류승룡 연기는진짜 대박예승이~~~ㅋㅋ진짜울다가 갑자기웃겨서 어찌할바를몰겟음의 연속ㅋ최고입니당!,10
484,집에서 봤으면 꺼이꺼이 울었을 영화웃기다가 슬프고 슬프다가 웃기고 최고b,10
485,손수건이 필요하다고 미리 광고에 써놓지 그랬어요 ㅠㅠ전 코믹인줄만 알았는데 ㅠㅠ 이렇게 감동이 있을줄이야!!,10
486,전혀 기대안했다가 대박 좋음 ㅡ 일부 다른영화 유사장면들 있지만 ㅎ,10
487,웃다가 울고 울면서 웃고 감동적이었다ㅠ,10
488,웃기기도웃기지만 눈물없이볼수없고  빠져드게하는 매력 !!!정말재밌다,10
489,완전재밌고슬프고짱이에요,10
490,내게감동을준영화!!삼십분은운듯..마음이따뜻해져따,10
491,너무 좋았다,10
492,진짜 처음부터 울엇음 너무슬프고 재밌고 진짜10점....연기도너무잘함 ㅜㅜㅜㅜ울고웃고 참 ~좋앗어요ㅜ,10
493,"이거는 말도 필요없음 와 류승룡 아저씨,갈소원씨 연기 진짜 잘하시고 이거 흥행3000만 넘겠내요!아 너무 감동적이어서 4번정도 울음 을 터트렸내요 이거 남독님 너무잘만드셨어요 배우도 적절히 잘고루시고 올해는 역시 t...",10
494,남잔데 ㅅㅂ 줫나 처울었다,10
495,가족들이랑봤는데감동적이고너무재밌어요!!,10
496,너무재밋고너무슬퍼요ㅠㅠ영화관에서 첨으로 울었어용ㅠ,10
497,재미와 감동을 모두 챙긴 영화입니다. 시작부터 끝까지 웃음과 눈물이 끊이지않아 모처럼 마음가득 감상하였습니다.,10
498,올해울꺼 다울고 왔네요. 동화같은 아름다운 영화 너무 감사합니다. 최고,10
499,연기전설..,10
500,눈물난다꼭 사형이었었어야만 했는가,10
501,음... 정말 연기가 최고..그리고 말로 표현 안되지만 한동안 감정을 못 잡아 영화 끝  난 후에도.. 힘들엇음,10
502,슬퍼요 꼬맹이 연기 엄청 잘함,10
503,굳굳,10
504,울다가웃다가반복했어요ㅠ.ㅠ 그런데 박신혜가 재판에서울면서말할때는 별로안슬펐어요.,10
505,영화보면서 이렇게 운적은 처음재미와 감동이 한번에ㅜㅜ다시한번 류승룡의 연기에 감탄 그는 진정한 영화인이다는것을 느꼈다,10
506,그냥 봐라 장난아니다... 말로 설명 못하겠다..!!! 굿!!!,10
507,ㅜㅜ정말 영화관 가서 펑펑 울었네요..이 영화 정말 강추합니다!! 안보시면 후회합니다!!,10
508,왘ㅋㅋㅋㅋ눈물은계속흐르는데 입은 웃고있고 ㅋㅋㅋㅋ,10
509,가장 인성깊었던 장면은.. 바로 집행실로 들어가기 전 두려움에 사로잡혀 어쩔줄 몰라 발을 동동거리며 소리지르던 모습. 울다가탈진할뻔..ㅋㅋ,10
510,최고 ㄷㄷ,10
511,진짜 재밌었어요! ㅠㅠ,10
512,재미있을땐 재미있고 슬픈땐 슬프고.. 캐릭별 성향을 잘 섞어낸 영화..,10
513,뭐 하나빠지는게없어슴ㅠㅠ,10
514,최고입니다~웃기고 슬프고 아주 재미있게 봤습니다! 류승룡씨 믿고 봤는데 역시 실망시키지 않네요^^,10
515,화끈한 영화 웃길땐 정말 웃기고 슬픈 땐 정말 슬프고 정말 좋았어요~,10
516,10점 만점,10
517,눈물이 주루룩 ㅠㅠ 가슴아픈 영화입니다~,10
518,"영화보면서 잘안우는데 ..눈물이찔금. 고개못드는남자도 많았음.,.ㅋㅋ",10
519,말이 필요없는 영화에요~가족과 함께봐도 좋은 영화입니당^.^,10
520,평점등록하려고 처음써보내요25년 영화중 정말 Best1 영화네요,10
521,감동적임..계속움ㅠㅠ,10
522,너무울어서 머리가아프다..정말올해가슴을울리는 최고영화일듯ㅜ,10
523,말할 필요없이 너무 최고! 너무 웃기고 너무 슬픈영화 ㅠㅠ 내 주변 사람들도 반응다 좋고 사람들이 추천도 많이해줌 !,10
524,진짜 눈물나요ㅠㅠ,10
525,최고!!!!!!..,10
526,오랜만에 재미와 감동 두마리 토끼를 몽땅 싸잡은 영화.,10
527,진짜강추...눈물콧물범벅됐음,10
528,최고ㅠㅠㅠㅠㅠ,10
529,최고라는 말 빼고는 필요없음,10
530,류승룡연기너무잘한다,10
531,그냥 대박임 ....................,10
532,"박수건달보면서눈물한방울안나왔는데,,7번방의선물보고선울고웃고난리도아니었네요ㅎ간만에잼난영화봤네요^^",10
533,여태살아오면서 영화를 보고 이렇게운적은 처음이에요눈물샘이 마르신분들 꼭보시길바래요전오늘 2번째로 영화보러갑니다ㅎ,10
534,말이필요가없다진짜 ;; 저이거 리뷰처음임 보러갔을때 눈물터지고진짜 ㅠㅠ,10
535,리뷰는 잘안쓰는데...다른영화는 보면 다 잊어먹지만 이건 한번더 보고싶을정도로 여운이 남는영화.,10
536,2009년도에 류승룡씨가 인터뷰 한 기사가 떠올랐어요. 웃음과 감동이 있는 작품을 하고 싶다고...근데 이 작품에서 정말 빛을 발하네요. 우선 억지 감동이 아니어서 좋았습니다. 에피소드의 전개도 빨라서 식상하지 않았...,10
537,말이필요없네요^^정말웃음가득감동가득한영화입니다,10
538,평생젤재미있고슬프고감동적인영화였음기억에많이남을꺼같음울고웃고울고웃고를반복했지만유쾌했음내앞에있던여자는오열했음(으허허허허류ㅠ유에규ㅠ)참다가자기도모르게소리내서운거같음또보러갈꺼임주연조연너무연기잘했음,10
539,개잼따 웃프다,10
540,영화보면서 이렇게 울어본적이..ㅠㅠㅠㅠㅠㅠㅠㅠ,10
541,진짜 보면서 울다웃다했어요ㅠㅠㅠㅠ진짜 말이필요없어요!!!!,10
542,말로표현못할만큼감동이고눈물이멈추지않아씀ㅠㅠ진짜이렇게큰감동을주는영화너무오랜만에보는거같네요,10
543,평점같은거 첨써봄ㅡㅡ 꼭보셔요!  후회하지안는영화 에요  웃음과감동을 한번에ㅎㅎ 울다왓네여 어제봤는데ㅋㅋ오랜만에영화다운영화보구왔네요ㅋ,10
544,ㄹ,10
545,그냥 최고 방금 보고나왔는데 또 보고싶음..,10
546,감동과 재미 최고의영화!!,10
547,말로 표현을못하게네요~,10
548,"말이 필요없다!!!! 전문가들은 영화를 뭘로 본거냐?  재미있고,  눈물빼고 감동있으면 됐지. 살아있는게 감사한 영화!!!아역 완전 감동이에요!!!",10
549,말할필요가 없음.그냥 최고,10
550,진짜 기대 많이 하고 갔는데 기대 만큼 재밌고 슬픈ㅜ 진짜 돈 하나도 안까운 영화였어요~  연기 구멍하나 없고ㅜ 웃을땐 엄청 웃고 마지막에 눈물콧물 다 쏟아낸ㅜ 최고에요ㅜ,10
551,사람을 울리고웃김 진심슬프고 진짜재밋음 !!,10
552,진짜감동ㅠ.ㅠ,10
553,생각보다 재밌었다ㅋㅋ 코믹과 감동이 어우러진 영화인듯ㅋ,10
554,오랜만에 본 돈안아까운 영화인거같습니다.,10
555,웃고시작해서울고끈남,10
556,여운이 정말 오래오래 가네요!정말정말 추천하고 싶은 영화라 이렇게 평점남깁니다.,10
557,감동감동....,10
558,감동도있고 재미도잇곻ㅎㅎ,10
559,굳 뒤에할머니가 클라이막스때 전화만않하면 좋앗거늘,10
560,웃기도했지만 너무너무 슬펐던 영화.. 연기가 정말 멋있었어요..,10
561,칠번방선물이래알짱이에욮ㅠㅠㅠㅠ,10
562,굿,10
563,재미와 감동의 조화란 바로 이런것,10
564,엄청 울고 엄청 웃었습니다...아빠의 사랑을 느끼게 해준 영화 ㅠ.ㅠ,10
565,역시 류승룡,10
566,"류승룡의 연기, 대단했다 항상 느낌이 전혀 다른 배역을 맡아도 여태껏 완전한 그 사람 인생을 산 것처럼 매끄러웠다 약 2시간동안 모든 사람들이 깊게 몰입하여 한 곳만을 바라보며 울고 웃었다 후반부에는 정말 눈물이 터...",10
567,부모의 마음은 다 똑같은 마음이라는걸 느꼈다 정신지체를 가졌어도 내 자식이라면 그 사랑은 말로 할 수 없을만큼 크다 넘 감동적이고 슬픈영화이다.,10
568,올ㅋ,10
569,겁나잼씀돠,10
570,진짜 눈물나는 영화,10
571,슬프긴진짜슬픔,10
572,처음평점을쓰게할만큼폭풍감동을 주는영화네요꼭 보시길 꼬맹이연기보다가딸생각나서 집으로돌아가폭풍뽀뽀해줌^ ^,10
573,멋집니다.,10
574,말이필요엄따 봐라 그게 진리다,10
575,영화배우들이 다 연기를잘하고 류승룡의바보연기가 재미를주네요 슬프기도슬프지만...,10
576,내가봣던수많은영화중의가장최고의영화 감수성없던나를울린영화  ~~~,10
577,이영화때메 처음 리뷰쓰네,10
578,엄청오열함,10
579,배우들이 사랑스러워 보인다.. 다시 봐도 눈물 날 것 같다.,10
580,진심 슬프고 재밌다. 최고,10
581,최고다 말이 필요없다,10
582,정말 최고였다. 코믹하다가 슬픈부분에서는 얼마나 슬던지. 엄청나게울어댔디,10
583,진짜.. 평점 쵝오네요~ 저도 한몫 ㅎ류승룡님 팬인데 ㅋㅋㅋ  꼭 대박 나시길 ㅋㅋ아 ~ 정말 시간가는줄 모르고 봤습니다,10
584,그냥최고다..웃다가 울다가 그냥 최고인것같다.,10
585,류승룡b 연기짱^^,10
586,감동의 도가니......ㅜㅜ 오랜만에 삼단눈물 후익,10
587,오늘 봤는데ㅠㅠㅠㅠㅠㅠㅠㅠㅠㅠㅠㅠㅠㅠㅠㅠㅠ진심 폭풍오열,10
588,정말 웃긴영환줄만 알고 봤는데 감동적이네용 ㅠㅠ 원래 영화보면서 울지는 않는데 이번영화는 쵝오 였던거 갔습니다 .. ㅜㅜㅜㅜㅜㅜ,10
589,오글거리고 말도안되는 상황도있지만 웃음과 감동 으로 십점,10
590,"원래이런거잘안남기는대.. 진짜너무재낫고 ㅋㅋㅋㅋㅋ웃겻던, 후폭풍눈물낫지만ㅠㅠ 한번더보고시픈영화에여",10
591,개삼류 쓰레기영화 박수건달 보고 이거봤는데요. 이런게 영화죠 이게 영홥니다 무조건 보세요 류승룡 연기 대박입니다. 모두가 대박을 연발하며 나왔던..,10
592,류승룡씨의 연기 정말 대단했다 울다가 웃다가정말 추천해주고 싶은 영화!,10
593,26년만에 처음으로 극장에서 눈물을 흘리게 만든영화입니다,10
594,딱보면 압니다 완젼 감동 ㅎ,10
595,감동먹었네요 34살 먹고 이렇게 울어보다니 1000만 영화 되길바랍니다.,10
596,정말웃다울다..마음이아픈영화~주연조연할것없이연기를넘잘하고..정말믿고보는배우들총출연..너무괜찮은영화네요^^좋은영화감사해요~,10
597,마음이 정화되는 영화입니다.,10
598,재미와 감동,10
599,처음부터끝낀지코믹과감동이저마음을들었다놨다하더군요...정말정말말이필요없습니다~꼭보세요^^,10
600,"어린 예승,  정말  흠잡을데 없더군요.. 눈시울 붉히고 왔네요.. 정말 감동.. 대박입니다.. 온가족이 보아도 좋아요!!!  가슴뭉클..  너무 큰소리로 울지만 마시길...",10
601,"@lemoncho2: 7번방의선물.. 딸을두고 떠나야하는 아빠의 마음, 아빠를 보내야하는 딸의마음.. 딸을둔 아빠로서 너무 가슴찡한 시간이었다",10
602,십점 백점만점 줘도 아깝지안는영호ㅏ..흠잡을때가 없는거 같아요 ㅠㅠㅠ,10
603,ㅠㅠ사전 정보없이 가서 보는게 감동이 더할듯해요...여기저기 둘러보지말고 평점만 믿고 일단.보셔요~,10
604,정말짱이다ㅠㅠ실화가아니여서다행인영화ㅠ실화엿으면진짜...너무뭉클하고다시보고싶다ㅠㅠ,10
605,최고ㅠㅠ울다웃다ㅠㅠ,10
606,정말 펑펑 울었어요. 웃음과 감동이 있는 영화 추천합니다.,10
607,대박임,10
608,재밌는데 감동도 있고 완전 돈이 안아까워요ㅋㅋ,10
609,진짜펑펑 울었네요 꼭봐야 할 영화입니다 강추요~,10
610,와.. 그냥 진짜웃기고 진짜슬픈영화'!! 내생최고영화 !! 추천 ㅎㅎㅎ,10
611,세상에서 가장멋진 아빠!,10
612,정말 오랜만에 영화보는 내내 눈물이 흘렀네요. 마냥 웃긴영화인줄알고 봤는데 정말슬프네요ㅠㅠ,10
613,그냥 최고임; 후 또 영화관가서 보고싶다고 생각하게한 영환 처음;,10
614,진짜  영화 잘 만들었다~!!!   그렇게 울면서 본 영화는 거의 처음이엿어여~ㅠㅠ,10
615,캐스팅 완벽. 배우들 연기앙상블최고. 재미와감동 기대를하고가도 기대이상인영화. 류승룡처럼 유명한배우가 지체장애연기를했을때 오버스럽게느껴지고 테크닉만보이지않을까했는데 전혀~ 용구 그 자체였다. 영화보고 잘안우는데 참기...,10
616,짱입니다..이젠 류승룡이 대세! 모든 주조연 스텝분들 수고하셨습니다.. 좋은영화 만들어주셔서 감사하구여..^^,10
617,말이필요없다,10
618,펑펑울엇어요..너무재밋음..,10
619,"이영화가왜코미디야..내평생이렇게울었던적은없는데... 웃기는부분마져도 슬펐다 . 배우들의연기에감탄했고..최고의영화였음. 또보러갈꺼임. 지인들에게 꼭 보라고, 무조건보라고 말하고있음. 마음이따뜻해지는영화.정말흘프지만 훈...",10
620,이제껏 이렇게 꺼이꺼이 울어본 영화가 없었습니다. 아역배우까지 포함한 모든 배우들의 명연기 정말 잘봤습니다. 감동과 웃음 두마리토끼를 완벽하게 구현한 영화.최고네요 정말,10
621,이영화  정말 잼있네요 다시 한번더 보고싶을정도로 감동과 재미를주는 영화임.이번주에 다른친구랑 또 볼려구 함 ㅎㅎ,10
622,이영화는 진짜 웃기고 재밌는데 감동도 엄청난 대박인 영화네요 최고,10
623,딸가진 아빠들은 꼭봤으면하는 영화...오늘 진짜 재밌게 봤네요..,10
624,웃다가울다가 너무재밌고 감동적인영화 추천합니다!,10
625,"울고 웃고, 분노했다가 가슴벅차 감동에 젖어드는 영화.",10
626,울다가 웃다가..역시 믿을수있는 배우 류승룡,10
627,웃다가 울다가 다시 또 웃다가 울게 만든영화 최고입니다... 추천추천!!!,10
628,이때까지본 영화중 제일 슬픈영화..... 강추입니다!! 정말짱이예요~,10
629,진짜최고에요말이필요없음,10
630,그냥.. 굿,10
631,재밌고 감동적인영화..ㅜㅜ류승용 연기 대박!!!이용구만세~~!!!!!,10
632,재미와 감동이 있는 영화란 말이 딱 맞는것같아요 ㅋㅋ 두번 봐도 재밌네요,10
633,남친이랑 같이갈때 쌩얼로가세요...ㅠㅠ 화장했다가 너무 울어서 괴물로 변할뻔....,10
634,깨알스런 재미와 감동..보는 내내 울고 웃으며 지루할 틈이 없네요~연기자들의 연기또한 퍼펙~또보고싶은 영화~~^^,10
635,이영화 최고다진심...,10
636,최근3년간 본 영화중 가히 최고라 할 수 있습니다,10
637,미안해 솔직하지 못한 내가,10
638,이런영화 너무좋다!!! ㅠㅠ,10
639,나도울고 남친도울고 옆에 아저씨도 울린영화ㅠ,10
640,"류승룡,아역배우 연기 정말잘하네요명품조연 연기도 일품이고, 감동절절한 영화!!",10
641,간만에 좋은 영화  봤네요,10
642,저절로 눈물을 흘리게 만드네요!정말 간만에 괜찮은 영화를 본것 같네요!,10
643,안봤으면서 영화까지마라ㅋ 언플이니 그런말하고있네.내생각에. 역대 천만관객. 영화들중 톱배우 없는 영화없었는데.. 이건 연기력 하나로. 천만넘을듯싶다,10
644,걍 감동쓰나미 작렬입니다,10
645,정말 펑펑울었다 다들 연기너무자연스럽고류승룡 바보연기 대박인듯...,10
646,정말 울다가 웃게 만드는 영화!! 감동과 재미가 적절히 섞인거 같은 재밌는 영화입니다!! 충무로의 흥행수표인 배우들이 전부모여 만든 영화이니만큼 연기력에 있어서도 너무 재밌게 잘 봤습니다~ 대박!!,10
647,ㅋ,10
648,아 정말..  아버지를 다시 생각하게 된 계기..영화 '하모니'랑 많이 비슷하긴 하지만 7번방은 어린예승이의 연기와 용구아빠 연기가 너무나도 진짜같았다 보는내내 울었다영화를 보면서 저런사건이 절대 안일...,10
649,이영화는진짜대박인거같아요...,10
650,시작할때부터 울기시작..ㅠㅠ,10
651,평점보면 알지않겠음?   직접 봐보세요,10
652,"개봉하자마자보고싶었던 7번방의선물 드디어오늘봤어요^^ 보는내내울고웃고 너무나도감동적인영화였습ㄴ다.다음번에도이런영화들이많아나왔으면좋겠구요...두번,세번봐도후회없을듯해요^^!",10
653,재미있다,10
654,울고있다가 갑자기 빵터지고 두시간동안 펑펑울었습니다ㅠㅠ 영화관나오면서 그렇게 민망항 적이 없었어요 진짜감동!  ㅠㅜ,10
655,재밋어용,10
656,말이 필요없음재밋따,10
657,10점 만점에 10점을 자신있게 드릴수 있는 영화!재미와 감동을 함께 주는 유익한 영화!최근 영화를 자주 본건 아니지만 정말 재밌게 본 영화인것 같습니다.권력앞에 무너지는 나약한 자들의 현실을 보여주는영화마지막에는 ...,10
658,류승룡 죽음,10
659,눈물콧물다뺐다,10
660,보고싶..ㅎ,10
661,10점만 주기 아쉬울정도로 재밌는영화휴지를 챙겨갈껄~~못보신분들 휴지 꼭 챙겨가시길....,10
662,대박임그냥,10
663,너무 재밌고 감동적인영화네요...우리나라정말영화잘만드네요....,10
664,ㅠㅠㅠㅠ진짜재밋어요...,10
665,정말 후반부가니깐 주위에서 다 훌쩍훌쩍거리더라 ㅋㅋㅋ와 나는 마인드컨트롤해서 진짜 힘들게 간신히 참았음 꼭보셈,10
666,감동적이예요......ㅠㅠㅠㅠ,10
667,하.. 진짜 진짜 영화 보고나서 영화관에서 또 보고 싶다고 생각한 영화,10
668,최고..울다웃다 무한반복,10
669,아 조난 슬프다.,10
670,넘넘 슬프,10
671,완전 강추,10
672,웃음과 눈물샘을자극시키는영화,10
673,"이런 평점은 한번도 작성한 적이 없지만, 감동 그 이상입니다..정말 따뜻한 감성을 가진 우리 대한민국 국민들이 꼭 보셨으면 좋겠네요^^",10
674,돈 아깝지 않게 잘본 영화! 마지막에 울음 참느라 가슴이 아려 오더만,10
675,이 영화는 내가본 영화중에 가장감동적이였습니다 전 진짜 연기도 대박이고 내용 감동 모두 좋았어요 말이 필요없이 10점입니다,10
676,꼭 보세요 진심 배우 들연기 다쩔고 예승이 너무이쁘고 귀엽고 진짜 웃음과 감동이 둘다 제대로 녹아있는영화,10
677,어릴때 엄마찾아 삼만리 이후로 눈물흘려본영화..정말 잘봤습니다,10
678,마음놓고울엇습니다 ㅜ ㅜ,10
679,"그냥대박입니당. 원래 평점 이런거 안쓰는데, 오늘보고 웃고울고 ㅜ 짱!!!!!!!!!",10
680,영화관에서 어깨까지 들썩거리며 운적은 처음... 이때까지 본 영화중 최고!! 더 이상 말이필요없네요.  당장가서 보세요!!!  다시 볼 의향 100000%,10
681,감동+눈물+재미 삼박자의영화 ㅋㅋ너무재밋엇어용ㅋㅋ,10
682,영화보고 엄청 엉엉 움ㅜ아빠의사랑을 느낄수있는 영화,10
683,재밌고 슬픔. 막판에 울뻔했지만 남자라서 참았음,10
684,영화관에서이렇게운건처음이에요ㅠㅠ감동짱짱!!,10
685,10점만점에 10점 너무 감동적이예요ㅠㅠㅠㅠ정말 감동적인 스토리!! 꼭보세요 후회하시지 안으실 거예요,10
686,감동을 이끌어내는 전형적인 짜임을 예측불가능하게 감동적이게 연기한 용구역의 배우 류승룡과 예승이 역의 소원이.. 아직도 용구가 전하는 가슴 절절한 부성애로 영화의 감동이 가시질 않는다.. 영화를 보는 내내 용구와 같...,10
687,정말최고에여손수건이나 휴지챙겨가세여웃다울다 ㅎㅎ,10
688,짱!!,10
689,"진짜 재밌고,,감동도있는 영화~좋아요^^",10
690,정말 후회안할영화에요ㅠㅠ!! 정말웃기는데 웃으면서도 뭔가 가슴이먹먹한ㅠㅠㅠㅠ 배우들 연기력에 감탄했구요 정말 또보고싶네요ㅠㅠㅠㅠ..,10
691,대박 말이필요없다!!,10
692,오랜만에 눈물이 콸콸...,10
693,10점으로 표현이 되나?????????,10
694,영화초반부터울기시작해서 영화끝날때까지펑펑울었어요너무좋은영화였어요,10
695,하...............웃으려 했지만 울수 밖에 없던영화,10
696,대박대박대박ㅋㅋㅋ이거 내아내의모든것. 광해에서 이고까지ㅋㅋㅋ류승용 쩌네ㅋㅋㅋㅋㅋㅋㅋㅋ,10
697,다시보고싶은영화...왠만하면 슬퍼도 한번참으면 눈물안흘리는데 이영화는 저절로 눈물이 나오게만드는 영화같다 억지로감동을 이끄는게아닌 저절로 사람의 마음을 여는 따뜻한 영화입니다,10
698,감동적이다.. 류승룡 짱 !,10
699,대박,10
700,예승이라는이름을가지신분분들은 꼭보셔야할 영화인듯ㅋㅋ뿐만아니라 다른분들도^^,10
701,최고다ㅠ 울고웃고 진짜 평점 처음쓰는데 최고의 영화ㅠㅠ,10
702,가슴아프고 너무 슬퍼서 이렇게 많이울면서 본 영화는 처음입니다 ㅇ우리가 사는 세상이 아이들과같은 순수함이 조금이라도 남아있다면 이런 맘저린 일들이 줄어들텐데요 유승룡씨 연기 너무 훌륭합니다 짝짝짝,10
703,개쩔,10
704,완전 재밌어요 눈물이 어찌나 나는지 ㅠㅠ,10
705,완전대박슬프구웃기고올해본영화중최고적극추천,10
706,정말 감동적임. 보고나오자 마자 바로 별점 쏘고싶어졌음. 나 영화보면서 첨 울어봤음,10
707,완전대박슬프구웃기고올해본영화중최고적극추천,10
708,아놔 기대 안하고 갔는데 정말 선물 한보따리 받은 느낌의 영화,10
709,진짜 최고 꼭 보세요!!재미와 감동이 한꺼번에!!웃으면서 울고있는 기이한 현상을 겪게되실꺼임ㅋ,10
710,너무재미나게 잘보구왔어요울고웃고 정신이하나도없었네요 ㅎㅎ,10
711,보고와서예고편만다시봐도눈물이나네유ㅠㅠㅠ정말류승룡님짱..!,10
712,두번볼거예요!!!,10
713,r 1,10
714,짱!!!,10
715,제가 한국영화보고 2번째로 울엇습니다.,10
716,기대 안했는데 너무 감동적이었어요~ㅠ.ㅠ 또봐도 후회안할 듯~^^,10
717,깨알같은 진짜 배우들의.. 잼있고 감동스러운 이야기~!!엄청울고 웃었습니다.. 간만에 대박영화♥,10
718,진짜 감동이었습니다.,10
719,눈물 콧물~흐르고  울다 웃다~하고역시 류배우 연기 잘하네요 최고 최고 !강추~,10
720,태어나서내가본영화나드라마중에이렇게많이운건처음,10
721,어제봤는데 진짜 재밌었어요~ ^^,10
722,zz,10
723,ㅠㅠㅠㅠㅠㅠㅠㅠㅠㅠㅠㅠb,10
724,대박이다,10
725,이 영화 상당합니다 ㅠㅠ,10
726,ㅠㅠ폭풍눈물,10
727,웃긴거아니다 이거 ㅠㅠㅠ,10
728,재미도 있고 넘 슬퍼요ㅠㅠ,10
729,정말말이필요업어여!!!,10
730,"보러가실때 휴지 꼭 들고가시길.... 눈물,콧물 정말 ..ㅜ",10
731,주조연아역할것없이연기력폭발.눈물샘도폭발.크레딧올라가고여기저기서꺼이꺼이울음소리..,10
732,진짜말이필요없다..진짜제발봐요 ㅠㅠ너무감동적이고너무재밋고ㅜㅜ진짜최고다..,10
733,정말재밋고감동적이에요ㅠㅠ제친규동욱이가울면서봣여요,10
734,코미디라며;,10
735,감동,10
736,폭풍 감동.... 눈물샘이 마른 사람도 눈물 날 수 밖에 없는 감동의 벅참...ㅠㅠ,10
737,"가벼운 마음으로 갔다가 폭풍오열하고 나왔음.... 웃음과 감동이 적절하게 믹스된 영화. 하아.... 여운이 오래남는 영화라, 아직까지 앓고있음 ㅜㅜㅜㅜ",10
738,기분 나뻐진 와이프 기분 풀어주고 감동까지  준 영화 정말 재미있게 잘 봤습니다^^ 고맙습다요^^,10
739,분명히 들어가기전엔 화장하고갔었는데 나오고나니 쌩얼....,10
740,류승룡씨대단해요,10
741,굿,10
742,그냥진짜대박ㅠㅠ 꼭보세요 류승룡연기진짜 엉엉 그냥 아빠사랑해요;,10
743,애가 웃기게 생겼어요 죄송합니다 ㅎㅎ,10
744,류승룡연기짱,10
745,진짜 보세요 죽기전에봐야할 영화입니다.,10
746,진짜최고!!!,10
747,아 정말 생각지도 못했는데 너무 감동한 영화엿어요 꼭 흥행 성공하길 바랍니다,10
748,평가할 적당한 말이없다. 그냥 울다 웃다 정말 최고의 영화. 볼까말까 걱정이라면 그냥 봐야한다.,10
749,감동 재미 ^^,10
750,아ㅜㅜ꼭보자 진짜,10
751,정말 가볍지도 무겁지도않은 무료하지도않은 어렵지도않은 잔잔한 웃음과 큰 감동을주는 아름다우면서 가슴아픈 이야기 입니다 7번방의 선물이 아니라 내가받은 선물인듯해요 최고~!!,10
752,진짜 장난아닌 영화....시작부터 끝까지 울면서 영화본건 첨이에요ㅠㅠ 개연성이 조금 부족한감이 있지만 그걸 배우들의 연기력으로 다 커버하네요...기본 스토리라인도 탄탄하고 적절한 편집또한 굿굿bb 꼭 보세요 팔천원이...,10
753,정말 스토리도 괜찮고 감동적인영화 ㅠㅠ,10
754,...ㅜ,10
755,대박..,10
756,정말 영화비가 너무 싸게 느껴질 더 큰 가치의 영화....최고...,10
757,ㅠㅠㅠㅠㅠ류승룡 최고ㅠㅠㅠㅠ영화관에서 오열하긴 첨입니다,10
758,웃다가 울다가.... 영화보고 이렇게 운 거 처음이에요 정말 정말 최고!!!!!!!!,10
759,류승룡대박 근데 박신혜는 좀그런연기,10
760,진짜 태어나서 이렇게 눈물바다된건 첨이네요. 류승룡씨와 아역 연기 정말 환상적이네요. 남편이랑 둘이 졸린눈 비비며 조조보고왔는데.. 이건 긴말 필요없구 그냥 보시면 압니다. 감히 이번년도 최고의 영화!!,10
761,대박,10
762,너무재밌다ㅠㅜ휴지챙겨가세요,10
763,"감정이 있다면 눈물이 안나올수없는...그런 영화... 진짜 펑펑울고나왔다,,, 영화보면서 이렇게 서럽게 눈물이 난적은 없었는데... 최고의영화! 대박",10
764,엄청울었다는....,10
765,"올해 첫 영화로써 흡족했다. 하모니와 스토리가 많이 겹치지만,  스토리나 연출면에서 많은 부분 나았다고 생각한다",10
766,최고의 영화 울고 웃고 완전 짱임 간만에 괜찮은 영화였음 ㅎㅎ한번 더 볼까 ㅎㅎㅎㅎ,10
767,아버지가생각나게했던영화갔다,10
768,새해가 되자마자 최고가 된 영화개인적으로 저런 장르의 영화를 좋아함재미를 팍팍 주고 또 눈물도 펑펑 주는 장르그리고 꼬마연기자도 연길 꽤 잘하고역시 류승룡 나에게 실망을 주지 않았어 ㅋㅋ눈물콧물 진짜 마니 흘림 ㅋㅋ...,10
769,장르가 코미디라서 보려고 갔드만 사람을 웃기기도 하고 울리기도하고 너무 가슴찡하게 와닿았던 영화.. ^^,10
770,그냥 무조건 최고인거같네요..중간부터끝까지 슬픈점이많고 눈물을많이흘렷던영화같아요 돈이전혀아깝지않고 이걸다보고 전 눈이 아주 밤탱이가되었답니다 너무감동적이고 좋은영화같아요 특히 배우들도 연기를잘하시고 딸과아들도잘뽑은거...,10
771,"이 영화는,한 마디로,선물입니다.",10
772,너무슬프고근데너무또재밋게웃음나는영화..ㅎㅎ 첨부터끝까지집중하면서봣어요완전강추!!!,10
773,영화보구눈물나기는첨이네요정말가벼운맘으로웃으러갔는데눈물참느라죽는줄았네요승룡이형짱!!,10
774,영화라고 쓰고 최고라고 읽는다,10
775,보는 내내 시간가는 줄 몰랐습니다. 눈물을  펑펑 흘린영화.   울다  웃다   여운이  오래남네요.  강추,10
776,딸을 위한 아버지의 한없는 사랑.....평점 10점으론 표현할수 없네요...보는 동안 웃다 울다 웃다울다. 집에 오는 내내 애린 여운이 너무나 강렬합니다. 올 겨울 꼭 봐야하 영화!  스토리와 형식은 다를지라도 한국...,10
777,세상살면서 웃음과 감동을 주는선물은 처음받아봅니다감독배우 스탭관계자여러분들 수고하셨습니다모든 관객들이 울음바다네여,10
778,변화를 두려워하지 않는 좋은배우의 좋은연기가 담긴좋은영화,10
779,감사합니다.아빠.사랑해요아빠.이런 감정 느끼게 해주셔서 정말 감사합니다.정말 최고입니다..,10
780,두번세번다시볼꺼임,10
781,말이필요없다♥,10
782,짱,10
783,"두번, 세번 봐도 후회 안하는영화에요! 강추!!",10
784,지리것소 눈물 콧물 지린다 지려,10
785,별이.다섯개밖에 줄수넚는게 너무 아쉽다 최근에 본 영화중에 담연 최고입니다 짱 재밋고 짱 감동적입니다,10
786,...보세요!,10
787,웃다 울다 돈안아깝고 또봐도 좋을 만큼 감동적인 영화!,10
788,웃기다가 울리다니 ㅠㅠ,10
789,최고 !!! 말이 필요없음,10
790,진짜 영화관에서 두시간동안울었네요ㅠ영화가끝나고도 계속우는사람도많았구요 웃긴것도많았지만 슬픈거뒤에웃긴거나와서 먹먹하게웃었다해야하나?무튼 ㅠㅠ완전 대박날거같아요!!,10
791,부녀의 사랑을 볼수있었던 영화입니다. 보면서 내내 울었네요. 배우분들의 연기도 훌륭했습니다~ 강추!!^^,10
792,평점이 높은이유는 다 있다... 진심봐야된다이건 너무웃기고 너무 슬프다,10
793,보는내내 긴장했던 영화..정말 웃다가 울다가..류승룡씨 남우주연상 다 휩쓸어야함~!!!!!!,10
794,에이.. 씨...  얼마나 울었는지 ㅠ.ㅜ,10
795,용구역할의연기를정말잘하신거같다대단하다,10
796,예승이가 아빠한테 메리크리스마스할때부터 눈물이..,10
797,와 20분운것같음 ㅜㅜ 최고,10
798,여자데리고 ㄱ걍 대박ㄱ여자화장 ㅂㅂ,10
799,닥치고10점,10
800,이런게 영화지!!,10
801,역시 류승룡씨 실망시키지않네요!! 정말 웃다가 울다가 한영화는 첨 입니다 실컷울엇네요ㅠㅠ,10
802,너무 감동적인 영화 ㅜㅜ,10
803,어제 개봉하자마자 기대하고 보러갔는데 기대이상이였습니다 영화관에서 한번도 운적이 없었는데 덤덤하게 보다가 클라이막스에선 안 울수가 없겠더라구요.영화관이 울음바다가 됬었어요.최근에 본 영화들중 최고였어요ㅎㅎ강력추천!,10
804,레전드리한영화ㅠ ㅠㅠㅠㅠㅠㅠㅠ,10
805,ㅠㅠㅠ,10
806,"많이 울었어요ㅠㅠ@!!슬프고 억울하고 웃기고ㅎㅎㅎ 다 끝나고 나올 때는 울적하지만, 모두들 실감나게 연기 잘하네요★!! ㅎㅎㅎ덕분에 감정몰입도 잘되네요ㅎㅎㅎ 슬피지만 감동적인 영화!",10
807,태어나  평점 따윈 한번도 준적없었는데... 너무 감동적이고 재미있습니다..눈물 참느라 혼났습니다. 꼭 보세요 정말 재미있습니다.,10
808,가진자들이 이영화를 보면 눈물의 의미를 깨닫게 될것이다,10
809,...굿,10
810,그냥 최고!!,10
811,근래에 본 한국영화 중 젤 재밋는 영화2시간인데 하나도 안지루함,10
812,웃다울다웃다울다웃다울다 무한반복 ㅠㅠㅠ감동,10
813,코믹=감동+연기력+어린 예승이 ^&^,10
814,코믹연기의 달인들이 모여 그런지 너무  재밌게 봤습니다.여자친구와 감동과 슬픔의 눈물 많이 쏟아내고 왔습니다.,10
815,웃으러갔다가 눈물만 한바가지 뽑고왔어요ㅜㅜ울다웃다ㅋㅋ재미가득 감동가득!!!!7번방의선물 흥해라!,10
816,영화보다가  운건  처음이네요 .  그  정도로   죽어있던  감성을   자극해준   고마운  영화네요 ^^,10
817,ㅠㅠㅠㅠㅠㅠㅠㅠㅠㅠㅠ안보면 어쩔뻔했어ㅠㅠㅠ많이웃고 엄청 울었어요ㅠㅠ 꼭보시길!!,10
818,ㅈ재밋음,10
819,완전최고♡,10
820,간만에본 따뜻한영화! 눈물이 펑펑,10
821,와정말최고 ㅠㅠ 재밌기두하고 나중에 완전 처음으로 눈물콧물다 짜면서 울었음 ㅠㅠ 열받기두하지만 울고웃게 하는 영화 ㅠ 강추합니다! 애기까지 연기잘해ㅜ 엉엉,10
822,진짜영화잘만들럿다..감동재미!!,10
823,안보면후회! 맘껏웃고맘껏눈물흘리고싶다면보라!,10
824,최고의 영화같네요,10
825,너무너무감동이에요 재밌구 슬프고.배우들의연기도 짱!눈이 빨개질정도로 울고웃다 갑니다 보시면 후회안해요 최고의영화에요!,10
826,"처음평점 남기네요~2시간넘는 시간이 지루하지않을만큼 재밌었고,짠한 감동도 있었어요. 모처럼 좋은영화 봐서 기분좋네요~사람마다 각자느끼는 점이 다르겠지만, 후회하진 않을듯 싶습니다^^굿!!!",10
827,보세요 꼭보세요 꼭보셔야하는 영화네요..,10
828,최고입니다 너무울어서 아직도 머리가 어지럽네요 ㅎㅎ,10
829,많이 울고 많이 웃었어요 펑점이 눞아서 알바 의심했는데 10점이 아깝지않네요 잘 봤습니다 감사합니다,10
830,진짜 영화 많이 봤지만 귀찮아서 한번도 안남겼었는데 이 영화보고 처음으로 평잠쓰네요 나도 울고 내친구도 울고 사람들 다 울었다ㅠㅠ진짜웃기고 슬픈 영화 류승룡님 진짜 연기 잘하시고 아역배우도 사랑스러우면서 연기도 잘하...,10
831,방금 영화보고 왔습니다. 계속마음에남아 예고편을 다시한번보는데 눈물이 또 나오네요 이렇게울어본영화는 처음입니다ㅠㅠ,10
832,정말 재미있고 감동 했습니다~ㅠㅠ정말 강추합니다,10
833,영화리뷰처음남기네요 그만큼 정말 대박이라서. 류승룡 진짜 말이필요없는 대박!! 그냥 신나게 웃고올줄알았는데 웃긴데도 자꾸 가슴이 먹먹한 느낌이 들었네요ㅠㅠ 펑펑울었습니다 오랜만에 아직도 너무 여운남아서 한번 더 봐도...,10
834,정말재밌고슬프고감동적이고.말이필요없음,10
835,너무 울었더니 머리가 띵.. ㅠㅠ 재밌어요!,10
836,평소에눈물이많긴하지만 영화관에서끅끅대면서눈물콧물흘린건이번이처음이네요...영화보는내내눈물이앞을가려서스크린도잘안보임ㅜㅜ,10
837,ㅋㅋㅋㅋㅋㅋㅋㅋㅋㅋ무슨영화가 평점이 9.65야 ㅋㅋㅋㅋㅋㅋㅋ,10
838,이유없는전개 말도안되는설정 하지만 이유없는아버지의사랑을 말도안되는연기력으로 소화한 류승룡,10
839,시사회 다녀왔는데 오랜만에 눈물 흘렸네요ㅠ 아이 이쁘고  연기 너무 잘해요,10
840,"아 영화보는 내내 우느니라 화장다지워지고, .펑펑울다 웃긴장면나오면진짜육성으로울엇네요. .연기력, 스토리 굿",10
841,정말 이건 말이 필요없다 일단 영화를 보세요진심 영화표가 5만원짜리라도 볼만했을것이다! 나믿고 영화봐보랑게요~~~~~,10
842,와진짜감동적인영화ㅠㅠ처음부터끝까지우울한것도아니고중간에웃음코드도간간히있다나만그런건진모르겠지만정말펑펑울었다ㅠㅠ뭔가현실을반영한듯한부분에서는나도덩달아현실을비판하고싶어질정도로잘묘사해줬다,10
843,재미에 감동에 너무재밌었어요!류승룡씨의연기력에 또 한번 놀랬습니다.멋진영화!!추천입니다~~~,10
844,보다가 눈물 넘많이흘렸네요^^주변보니까 다 훌쩍~ 재미와 감동을 함께 준 영화아 진짜 요 근래 아니 본영화중 no.1진짜 강력추천 죽기전에 꼭 보세요,10
845,너무재밌고 너무슬픈 류승룡의 연기가 돋보인 영화 주말에 또봐야지♥,10
846,감동이엿습니당 눈물웃음두개다갖춘영화,10
847,최고감명깊게봣어영,10
848,올 상반기 최고의 영화가 될 것 같습니다. 꼭 보세요. 극장에 있는 사람들 다 울었어요 특히 제가 많이 물었습니다 울다가 웃기다가~ 류승룡 연기변신 완전 대박 한국판 아이엠샘이에요~~,10
849,대박이건 실화였으면 내가 나쁜넘들다 죽일꺼진짜감동 코미디로 대박 완전 타이타닉이랑 삐까친다그리고 댓글 나쁘게 한사람 다 신고함 ㅅㄱ,10
850,열기구는 좀 그렇긴했지만 그래도 그외엔 전혀 나무랄데 없었다 류승룡과 갈소원의 연기가 정말 훌륭ㅠ,9
851,감동깊게본영화,9
852,"내 눈물을 훔쳐갔으므로 9점줌, 괜찮은 영화 돈내고 볼가치가 있음 , 좀 울다고 옴 ㅠㅠ",9
853,말그대로 울고 웃었던 영화. 재미와 감동이 적절하게 됨. 10 점을 주고싶지만ㅡ 열기구 부분에서 현실성이 없어도 너무 없어서 뭐지?.. 했음. 하지만 그외에는 너무 괜찮았기에 9점,9
854,진짜 보면서 계속 울었습니다.ㅠㅠㅠㅠㅠㅠㅠ진짜감동적이고 류승룡씨랑 갈소원양 정말 연기가 ㅠㅠㅠㅠㅠㅠㅠㅠㅠㅠㅠㅠㅠㅠㅠ,9
855,"사람마다 다른것인가.. 억지로 눈물을 짜내기는 커녕, 의외의 장면에서 나도 모르게 울컥 쏟아 지던데.... 정말 억지로 짜낸다는 느낌을 전혀 못받았네요.. 좋은 영화였습니다...",9
856,"영화보고 운적이 별로 없는데, 이 영화를 보면서 울었다.정말 마음아픈 아버지의 사랑.",9
857,어떻게 나오는 사람들이 인물이 다 좋아... 예슬이도 예쁘고 선생님도 초절정 미인이고...,9
858,"중간 중간 약간 아쉬운부분도 있었지만 이 영화 집중해서 보면 나같은 냉혈인도 눈물나던데, 대체 이거보고 욕하는 사람들은 감정이없는 양반들인가? 불쌍하다 진심...",9
859,지림,9
860,마지막에 웃음과 슬픔이 너무 빨리 번갈아 나와서... 감정선을 따라가기가 좀 그랬지만 그것빼고는 전반적으로 좋았어요.,9
861,재미있으면서도 감동적이예용,9
862,굳,9
863,슬픔과 즐거움이 공존하는 영화. 순수한바보연기가 정말 돋보였어요.,9
864,굳,9
865,5번은 울었음... 딴 생각을 안하면 눈물이 멈추질 않더라고..,9
866,아주  재미있었어요.  많이  슬프네요.,9
867,어여 이영화디스하는 님들ㅋㅋㅋㅋㅋ니네들이 호구야ㅋㅋ잘생각해봐라ㅋㅋㅋㅋㅋ,9
868,굿,9
869,누가 어쨋든 뭐라하든 웃고 울리고 감성을 자극하는 아름답고 슬픈 이야기. 이 영화 있는 그대로 보시길 머리로 생각하는 영화가 아닌 가슴으로 느끼는 영화,9
870,코미디이지만..한편의 드라마 같은..웃음과 감동 모두 담겨있는 영화입니다. 배우들의 연기도 좋았습니다. 류승룡씨의 연기력에 감동 받았습니다. 최고에요.,9
871,"이 영화보고 안 우는, 아니 못 우는 사람은 감정이 매마른 인간!",9
872,짱 입니다~~,9
873,개봉전  또 저질3류 영화라고 생각했다. 맙소사 나의 크나큰 오판이었다. 웃음과 감동을 준 7번방의 선물. 고맙습니다,9
874,사법살인의 무서움을 보여주는 영화. 이 영화보고 박정희시대 인혁당사건이 떠올맀다.,9
875,억지스러운 내용이 있긴 했지만 배우분들의 연기에 다 용서됩니다! 보통 영화보고 아무리 슬퍼도 잘 안우는 성격인데 7번방의 선물이 저를 울렸어요ㅠㅠ,9
876,영화가 끝난후에도 일어서기 힘들정도로 여운과 슬픔이 깊었다.전체적으로 배우들의 연기가 훌륭했지만내 짧은 소견으로는 류승룡에게 바보 연기는 꼭 맞진 않는것 같다.연기가 너무 연기 같아서아이엠샘 숀펜의 그것과는 아무래도...,9
877,"웬만해선 영화 보고 잘 안우는데 이건 펑펑 울다 나왔네요. 감동적이고, 웃길 땐 또 웃기구요^^ 남녀노소 모두 재밌게 볼 수 있는 착한 영화입니다.",9
878,웃음과 감동이 한꺼번에!! 우리 남자친구는 살아오면서 본 그 수많은 슬픈영화들을 눈물 한 방울 보이지않으며 살아왔는데...7번방의 선물은 피한방울 안나올것만 같던 우리 남자친구의 눈시울을 적셨으며 흐프게도 했다..7...,9
879,진짜 기대안하고 봤는데너무 재밌음지루한베를린보다 훨씬나음,9
880,박신혜오글연기때문에 9점...갑짜기 왠 연극톤?ㅋㅋㅋㅋㅋㅋ하지만 중요한부분에서 눈물연기한장면은 손색이없었음~~,9
881,류승용연기진짜잘해ㅛㅛㅠㅠㅛㅜ박신혜는 캐스팅왜했지ㅡㅡ진짜안어울리는오글연기때매짱낫음아역배우도연기쩔고.;;박신혜만뺏으면좋았을것을ㅉ,9
882,스토리도 나쁘지는않지만 이 영화는 연출과 연기에서 좋은점수를주고싶다. 한정된공간속에서 예측가능한 결말 슬플수밖에없는 내용이라도 지금까지감옥 스토리중에 관객의 감정이입을 아주 자연스럽게 이끄는점에선 최고다. 무의식적으...,9
883,감동입니다,9
884,권력을 가진 자에 의해 아무 죄도 없는 사람이 억울하게 희생되는 일을 보니 가슴이 미어지는 듯.. 보는 내내 울고 웃고..뻔한 스토리라고 생각할 수있지만 아빠의 따스함과 사랑을 느낄 수 있는 영화였다.,9
885,감동잇엇어요ㅠㅠ 예승이두넘이쁜거같아요ㅋㅋ,9
886,9점은 과하고 8점은 좀 짠듯...한데 영화 자체는 재밌어요. 눈물 콧물 찔찔.. ㅠㅠ,9
887,웃기면서 감동이 있는 영화 너무 재미있게 보았습니다 영화보면서 잘 울지 않는데 많이 울었어요ㅠㅠ 암튼 강추,9
888,"배우 9점, 재미 9점, 감동 9점, 내용 9점",9
889,평소 영화보고 잘 울지않는데 이건 마지막에 넘 슬펐던 영화에요 ㅠㅠ,9
890,뭐 이런영화야 안봐도 척이지만 돈 주고 본 걸 후회 안하는 훈훈하고 재미있는 영화네요. 그 누구와 봐도 어색하지 않은 영화 추천 합니다~,9
891,내용은재밌었는데 딱히슬프진않았다.,9
892,다 좋았지만 박신혜씨 나올때마다 뭔가 깨는느낌.... 순전히 오글거려서 그러는건지 아니면 연기가 저와 맞지 않는건지 모르겠지만 ... 해피엔딩으로 가나 싶더니만 이렇게 끝나버리네요 ^^ 용구가 불쌍했습니다,9
893,주연과조연리어울려하나를만근 가슴속따듯해지는 뭉클한영화.... 맘 속 따듯해지는영화!!!,9
894,10점 주고싶은데  기구씬이 걸려서.....,9
895,박신혜연기랑 쪼금 어이없었던? 스토리만빼면 진짜재밌었다ㅠㅠㅠ 진짜 울면서 웃었다ㅠㅠㅠ 꼭보세요ㅠㅠ,9
896,"엄청난 스케일의 영화도 아니었고, 선남선녀가 등장한 것도 아니었지만 두시간 동안 깨알같은 재미와 진정성 넘치는 대사에서 잔잔한 감동과 재미를 느낄 수 있었다. 마음을 움직이는 이 영화 추천 합니다.",9
897,완전 슬프고 재밌어요!,9
898,웃다울다 예승이땜에 넘 슬펏다 ㅠ꼭보시길,9
899,대박ㄱ 강추!!,9
900,한번쯤은 봐야하는 영화,9
901,초반부터 중반까지 엄청웃겼다. 근데 마지막은 정말슬펐다...,9
902,재미나재미나ㅋㅋ,9
903,진짜 꼬맹이연기도잘하고배우들도전부연기최고입니다영화가끝나고도더감동이더해요,9
904,영화제 대상 벌써 나온거 같네요.,9
905,감동뿐만 아니라  맛깔스러운  조연들의 연기 너무  좋았습니다~~짱~~,9
906,보는내내눈물나,9
907,아역배우 너무 귀여워.....  코미디 영환줄 알고 갔다가 울고왔음.... ㅜㅜ,9
908,"나는 쌈마이다. 뻔하고 억지스러운 줄 알면서도 눈물이 주체 안됐으니 혹평하는 이들 기준엔 쌈마이다. 허나 혹평하는 이들도 어찌 보면 피해자일 수 있다. 따뜻하게 살아온 댓가를 충분히 받지 못한 상처가 커서 ""너희들은...",9
909,웃음과 감동을 ㅠㅠ 꼭보세요 강추입니다,9
910,재밋네,9
911,류승룡 너란남자 ...하아,9
912,올해에 저에게 주는 감동의 선물이었습니다완죤 강추!!,9
913,여자친구랑 할거없어서 영화보까마까 하다가마마랑 이거중에 고민했음.여자친구랑보지마셈. 눈물콧물 질질  2틀째 놀림감.이런영화류에선  갑. 하지만 약간 오글거리는면이 있음.영화볼땐 모르고 나와서 박신혜 연기따라하면서 개...,9
914,계속 눈물나고 웃음나는 영화!,9
915,강추입니다. 모처럼만에 감동적인 영화를 봤습니다. 후회 안하실겁니다.,9
916,류승룡 연기 ... 굳 ㅠ ㅠ.ㅜ 애기도  너무 연기 잘행ㅋㅋㅋㅋ,9
917,십점이 알바라고해서 구점입니다. 코메디인줄알고봤다ㅜ당했네요. 어린예승이는 연기대박. 류승룡배우님은 최고입니다,9
918,굳 웃고 울고,9
919,"기대하고 봤는데도 실망이 전혀 없는 영화에요~ 보면서 엥?하는 부분도 있었지만 감동으로 승화되요~~진짜 군더더기 없는영화 ,,여운이 남는영화네요~ 감동과 재미 전부 챙긴 영화가 아닌가 싶네요~ 가족들과 커플 모두에게...",9
920,류승룡의 연기변신만으로도 충분하다,8
921,아주 나쁘진 않아 ^^...,8
922,예고편정도로 다본것같은 느낌 후반부가 맘에안드네..조금 억지같은..뭐근데 슬픈장르를 싫어해서 사형만아니었어도 만점ㅋㅋ 정의가승리하는것도 식상하지만 권력에 엇갈린운명보단 나으니까,8
923,"2점 뺀건,관객에게 과도하고 친절한 신파와 리얼리티 개연성의 부재, 마지막 교도소 담장의 열기구씬 삽입은 사족 오버로 날아오르는 풍선만으로도 충분했음.",8
924,극장에서 봤더라도 돈 아깝지 않을 영화임!,8
925,잘 만든 영화 아쉬운 스토리를 연기자들이 잘 채워줬다.,8
926,이부분에서 울어라 울어라 억지감동이라치기에는 스토리를평균이상 잘끌어올렸다 수작은 아니지만 한국 영화중 상위권에는 속한다,8
927,10점 은 솔찍히 아니라고본다 잘 만든영화긴 하다 배우들의 연기력 또한 장난아니였고  거기에아역배우의 연기력이 ㅎㄷㄷ 했다  하지만  마지막 연출이 너무 감동코드에 맞춰져서 짜증이,8
928,"비교 하긴 어려우나,I am Sam을 얼마전 봐서 그런지 신선함과 연기력이 쬐끔 아쉬워 보이는건 왜 일까? 영화내내 나쁜사람은 없고, 착한사람은 많지만. 정의로운 사람은 별로 없는 듯. 장치들 풍선/기구 등 몇몇이 ...",8
929,훈훈하고 감동적인 영화이다. 다만 발단 전개 부분에서 지나치게 빨리 지나가서 지루한 부분들이 있었다.  결말 부분 처럼 좀 매끄러웠으면 좋았을텐데..그점이 아쉽다..,8
930,류승룡 오달수 박원상 김정태 정만식 까지... 모두들 악역의 달인들... 이들이 뭉쳐 감동의 하모니를 전달한다.... 보다 가볍게 보다 담백하게... 1000만까지 갈만한 급은 아니라고 생각되지만 최근에 본 영화중엔...,8
931,전반부 내용과 배우들의 연기모두 좋았으나 후반부 갈수록 눈물짜네는 식의 영화라 약간 아쉬움이 많이 남네요,8
932,솔직히 그다지 나쁘지 않다정도에 영화.,8
933,나름 괜찮은,8
934,살려주세요 하는  장면에서 쫌 그랬지만 한국 경찰 쓰레기로 만들고 ..,8
935,굳,8
936,감동적인영화,8
937,웃기지만 웃을수 없는 영화같다.,8
938,재미도 있었지만 감동적이었습니다. 하지만 조금은 울음을 짜내는 느낌이 있었습니다.,8
939,2번이나 울뻔했는데 옆에 친구있어서 참았음..ㅋ 3류영화라 생각하고 봤는데 아니네요~,8
940,"난 예고편 보고 웃긴 영화인줄 알고 웃으러 갔는데 정신 없이 질질 짜고 나와서 -1, 보고 나서 가슴이 너무 아파서 -1. 류승룡은 국보급 배우인 것 같습니다.",8
941,각각의 캐릭터에 맞는 배우 캐스팅과 흥행보증수표 류승룡만으로도 보고싶었던 영화~! 겨울철 따뜻함과 슬픔을 함께 공존 시켜 눈물샘을 자극시킨 영하지만 마지막부분은 관객의 눈물샘을 자극하기에만 급급한 동시에 현실과는 맞...,8
942,아역의 연기에 놀랐다. 그러나 살짝 식상함,8
943,젖절한 웃음코드 와 젖절한 감동 근데 후반에가면 감동적인부분만 끌어낸겉같다,8
944,연기력은 훌륭. 후반부지나치게 눈물을강요하는듯한 부분이 아쉬웠다.괜찮은영화!,8
945,말도 안되는 이야기라고 생각하면서도 기어이 눈물이 나는 영화ㅜ 배우들의 연기가 이 영화를 이백프로로 살렸네요! 잘 봤어요!,8
946,웃프다라는 말이 딱들어맞는 영화. 류승룡과 아역배우의 연기는 일품이었다,8
947,배우들의연기가맛깔난다,8
948,전형적인 한국영화인듯... 연기는 확실히 잘하는것같다,8
949,풍선 타고 날아가다 걸리는 건 왜 만들었는지 모르겠고.. 사형 집행 전 장면은 눈물을 억지로 끌어내려는 것 같았다. 그거 말고는 다 재밌었고 많이 울었다. 그리고 엔딩이 좀 많이 아쉽다.,8
950,말도 안되는 애기,7
951,"재밌긴 하지만 글쎄,,이런영화가 천만이상??",7
952,"예승이가 감옥으로 들어오는 설정부터가 조금은 억지가아닌가 싶었지만, 영화 특유의 따뜻한 느낌이 너무좋았습니다. 류승룡씨의 명연기도 잘 봤습니다. 다만 아쉬운점은 한국영화 특유의 눈물 쥐어짜기에서 상업영화의 한계를 보...",7
953,재미와 감동을 위해 이야기가 성립하기 위한 최소한의 개연성마저 버렸다. 호불호가 갈리는 것은 어쩔 수 없는 일,7
954,꽤 재미있고 볼만한데 뭔가 억지로 스토리를 만들어낸듯한 느낌. 아무리 영화지만;;,7
955,"몇 개월 전에 본 영화인데 사실 전체적인 윤곽 외엔 잘 기억이 나지 않는다. 그냥 진짜 감성을 자극하는 영화, 그 뿐인 것 같다. 감성을 자극하는 것도 다 연기파 배우들 덕이고... 사형을 소재로 한 한국영화의 지독...",7
956,"적당한 휴먼드라마. 역시나 너무 감성코드 건드릴려고 열심힌 점이 좀 부담스럽긴 하지만, 못 봐줄 수준은 아니었다.",7
957,취지는 좋았지만 뭔가 여러모로 실망스러운 영화. 류승룡이 아니었다면 3점짜리였을 영화.,7
958,재밌긴한데.. 기대이하네...,7
959,"영화 끝나고 엄마 부여잡고 펑펑 울었었지만...솔직히 현실성 제로, 울음날 것 같은데 웃는 거 나와서 울었다 웃었다 정신없다는..ㅋ; 특히 열기구에서는 이전에 감동이 다 날라갔음, 열기구 뭥미...ㅠㅠㅠ 그래도 부모...",7
960,"중간까진 나도 울었다 감동이었다. 예승이 아버지 연기 잘하긴 하는데 가끔 이질적이고, 중간 이후부터 뻔한 스토리가 정말 지루했다. 중간까진 100점 후반은 50점.",7
961,개연성이 없고 너무 억지스런 전개... 눈물만 쥐어짜내는 느낌...,7
962,정말 오랜만에 눈시울을  적시는 감동의 영화였다 한국특유의 감동&코믹을 잘믹스하여 관객의 호응을 이끌어낸 영화다 류승룡의 연기도 여기지만 개인적으로 딸 갈소원양의 연기가 더 돗보였던 영화 후반 극한감동을위한 기구장면...,7
963,류승룡이라는 배우의 티켓 파워?정도랄까..최근 대세가 되서 그런거 같긴한대..정신지체 딸바보와 딸이 사랑하는 모습에 사회적으로 쌓인 스트레스가 잘 섞여서 시기적절하게 개봉하여 흥행에 성공한 느낌이다.,7
964,스토리는 대놓고 현실판타지이나 거기에 배우들의 연기를 조합하면 그 조차 충분히 의도적이라고 할 수 있는듯. 개인적으로는 몰입도가 좀 떨어졌음 ㅠㅠ,7
965,왜9점대인지 모르겠는 영화 재미 감동 두토끼를 잘잡았으나 너무 긴 런타임은 감동을 반감시킨다,7
966,웃기기도하고 울기도 했는데 연기랑 음악 덕분이었습니다. 스토리가 너무 어설퍼서.울면서도 내가왜울지하먄서봤어요ㅠㅠ 킬링타임으론 좋아요! 큰 작품성 기대는 ㄴㄴ,7
967,구성에 구멍이 몰입을 방해하네요. 갓 스무살된 시점에서 세상 물정 조금만 모르고 봤다면 훨씬 좋았을 영화. 개그 포인트 하나는 좋네요 그래도.,7
968,억지전개와 감성팔이가 너무심하다. 차라리 코미디적인 요소를 조금 더 살렸으면 어땠을까 싶다.,7
969,초반에스토리전개가 너무비현실적이고  억지스러움 ~조금만더 신경썼으면  좋았을텐데~,7
970,억지로 웃음만드는건 싫었지만 중반부터 감동은甲... 솔직히 질질짠다고 싫어하는사람도 잇었지만 그상황에서 질질짤수밖에없었음 저런 상황에 어떻게 안울수있겠슴 저 상황을 이해하고 보면서도 많이우는걸 가지고 비판하는사람들은...,7
971,웃다 울다 했던영화,7
972,"스토리 개연성이 약하고 여러 영화를 섞어 놓은듯 한 느낌, 후반부 지나친 판타지는 아쉬웠지만... 이모든것을 뛰어넘어 같이 울 수 있게 만들어주는 류승룡의 연기!!! 분석보단 공감과 소통에 높은 점수를 줄 수 있는 ...",7
973,"영화가 내민 손을 잡을지, 계속 꼬집으면 서 갈지 선택에 따라서 영화 끝부분에서도  마음속에 가져가는게 달라지는 영화같아요.. 저는 처음엔 불편하게 보려고 하다가 차마 미워할 수 없는 영화라서 결국 마지막에 울어버렸...",7
974,"재미도 있고,감동,배우들 연기력도 좋았지만 개인적으로 억지전개가 조금 있었던것과  초반 박신혜 연기가 좀 불편했어요 7점정도..추천할만한 영화라고 생각합니다.",7
975,감정이 매말랐나보나.분명 슬픈데 눈물이안난다.관객들이훌쩍거려 영화에 집중할수없다.,7
976,딱 생각했던거만큼  뻔한영화라 평점에 비해서는 전 좀 실망했어요 억지스러운 부분도 있었네요 딱히 정말 지루하거나 한 부분도 없었고 간간히 웃기고 슬프기도 해서 그냥 무난하게 좋은 영화였던 것 같습니다,7
977,웃기기도 하고 슬프기도 함 근데 슬픈연기보다 음악이 더슬픈듯  박신혜  슬픈연기는 별로인듯싶네요,7
978,억지스런 전개랑 아역빼고 연기가 좀 오버스럽게 느껴졌다는 점만빼면 참 재밌는영화였어요.깨알재미 깨알감동 최고~ㅋ,7
979,"순간순간의 재미와 감동을 찾을순 있지만 그것뿐. 허무맹랑한 줄거리에 개연성도 떨어지고 전개과정, 결말모두 억지스러웠다 . 개인적으로 보는 내내 손발을 필수가 없었다.",7
980,"사법체계를 부정하는 영화이다, 교도소에어린소녀가 들어가는 억지설정이 말이 안돼서점수가 낮다, 꽤 감동적이지도 않았고..",6
981,음... 집사람이랑 심야 봤는데 싸웠다.... 졸아서,6
982,류승룡의 연기와 배우들의 협연은 좋았지만..,6
983,천만관객을 이끌만한 영화인가.. 많이 부족한 작품인것 같은데ㅎㅎ,6
984,슬픔이 메인 테마이자 승부수 였던 영화. 그런데 슬프지 않았다. 그러면 빈껍데기만 남은 건데... 깨알같은 웃음은 주었으므로 보너스 6점. 말도 안되는 역대급 거품영화 딱 킬링타임용으로 적당,6
985,이야기는 재밌었다. 그런데 감정과잉과 개연성부족은 눈살을 찌푸리게 만든다. 게다가 마지막 류승룡의 감정변화의 간극은 눈살을 찌푸리게 한다,6
986,주변에서 많이 감동받았다고 해서 엄마랑 함께 본 영화 눈물이 나긴 했지만 그냥.... 막 펑펑은 아니라는~~~ 악당이 안나오는 영화라 사람들이 좋아하는 것 같아요~ 요즘 악당없는 영화가 없으니까... 소소한 재미가 ...,6
987,너무 기대했는지.... 난 그저그런데...,6
988,재미있다..그냥..재밌다..,6
989,눈물콧물다난다던데 전별루/...,6
990,"출연 배우들 대부분 좋아하는 배우라 봤는데 배우들 몫으로 온전히 6점 드립니다. 영화 전개는 좀 설득력이 떨어지고, 감동보다는 신파라서 아쉬웠네요.",6
991,기대를 너무 했는지 중간에 지루하더군요.연기들은 좋았어요,6
992,장르가 코미디라는걸 감안하면 그나마 별 3개 줄 수 있을거 같습니다.분명 슬프고 감동적이긴 한데 솔직히 말해서 현실성도 없고 너무 붕 뜬 느낌입니다. 조금 더 잘 만들었다면 정말 괜찮은 영화가 나왔을텐데 아쉽네요.가...,6
993,알바의 냄새가 난다,6
994,도데체 정진영은 왜 특별출연인거임? 개어의없네….,5
995,분명 재밌고 슬프지만 왜 눈물을 억지로 강요하는 듯한 전개라고 느껴지는걸까. 그리고 박신혜는 왜 주연 배우로 되어있는가. 재심 변호한것 밖에 기억이 안나는데,5
996,최악이라 하기엔... 세련된 것에 대한 기호지세에 익숙한 한국인들의 결론 아닐까? 짜낸 것의 예술적 결과물은 불분명하지만 2000년대부터 시작된 한국 상업영화사의 결론이며 증명이다.,5
997,재미는 있었음. 좀 옛날 영화인지라 범죄 미화에 장애인 편견 등이 있어 아쉬웠던 점 빼면. 오로지 연기에만 10점을 몰아주고 싶다. 스토리가 너무너무 별로였다. 그래도 처음으로 보고 운 영화.,5
998,영화내용: OO 울어 ㅅㅂ로마 네가 이걸 보고도 안울면 ㅅㅂ 그건 패륜아야 울어이 ㅅ끼야 사형하지 말아야한다며 부추기고 신파영화.... 무리수 열기구에 말도 안되는 장면들.... 배우들 연기가 살렸다,5
999,유치한 영화이긴하지만 나름 사형에 대한 재고를 하게 되어,5
1000,"흥행 1위라, 기대했었는데, 남는내용도 없고.. 보는내내 배우들의 연기와 내용이 너무 유치하게느껴졌다.. 아..  이런영화가 우리나라에서현재 흥행1위라니..ㅋ뭔가.. 씁쓸하다..",5
1001,그냥 코메디영화 기봉이 감옥판. 다만 영화의 사상이 의심된다 무조건적인 정부비판에 무죄추정의 원칙이 무시되며 개연성 또한 저질인데 감성하나로 평점을 날로먹네,5
1002,관객을 저능아로 만듬,5
1003,배우들의연기가정말최고이고약간의재미와 자식생각하는부모의마음을깨닳을수있어서좋았습니다만 억지로눈물짜게하는 부분도있었다고생각합니다 평점이 높다고보러가는건쫌비추입니다; 내년에티비로보세요...,5
1004,분명 웃기고 슬픈 장면도 있지만 대세 배우로 채우려는 느낌이 있고 억지 설정이 있다. 그리고 너무 때린다. 가학으로 얻은 관객의 눈물일지도...,5
1005,배우들은 연기 정말 잘합니다.다만 스토리가 너무 뻔하고 별로 슬프지도 않아요..그래도 개그는 좋았습니다!,5
1006,평점 그대로 난 5점밖에 못주겠다 시간때우기용 영화로도 별로였다,5
1007,생각보다평점이높네. 전체적으로좀억지스럽던데...눈물이나오려다가도아역연기때문에흐름이깨짐. 스토리도좀... 류승룡과까메오들은최고.,5
1008,재미는 7점 감동은 3점 너무 뻔한 스토리와 억지스러운 갇동이 집중을 흐트림.,5
1009,킬링타임용. 이게 평점이 구점이 넘는다니 믿을 수가 없다 ㅡㅡ; 재미는 있는 편이지만 눈물 짜내려고 수작부린게 눈에 다 보이는데 감동인지 동정인지 다시 생각해보길 바람.,5
1010,"천만관객이라고 해서 기대가 매우 컷으나 보고난후 실망만 천만개다, 억지로 짜내려는 듯한 감정적인 요소와 스토리, 당체 천만관객 영화라는게 이해가 안갈뿐...",4
1011,이런 영화가 천만이라니..암담하군.,4
1012,아직도 이런영화가 먹히는구나...,4
1013,중학교 올라가기전에 보면 명작이에요....,4
1014,ㅋ 솔직히 우리나라 관객코드(수준)에 딱 맞는 영화지. 어떻게든 울게하려고 감정적으로 관객학대하는...ㅋㅋ뜬금없는 열기구 등장씬과 오버스러운 연기자의 연기에 두 눈을 가리고 싶었다...확실히 슬프긴 한데  딱 5분이...,4
1015,말도 안되는 모든 장치들마저 동화같은 이야기라고 커버하는건 알겠는데 그렇게 울어라 울어라 극한까지 주인공을 몰고가는거 보면 마음아프고 눈물나기보단 엥간히 좀 ..이런 생각만 ..그런 상황 짜증만난다.,4
1016,우리나라 참 멀었다  이런 영화가 천만이라니.. 앞으로 영화계 발전에 저해 될게 ...참 개탄스럽다,4
1017,어떻게 이 정도의 영화로 1천만을 넘겼지? 이전까지는 류승룡이라는 배우도 나쁘진않았는데 이번 영화의 일관성(바보 연기의 밸런스가 왔다갔다)없는 연기로 아직은 연기 내공이 부족해보였고 중간중간 불편하기까지했다. 아이엠...,4
1018,그렇게 불쌍하면 살려주지 그랬냐,4
1019,중간중간 재미있는거 빼고뭐가 감동인지..솔직히 용구 살거란 기대감 크게 만들어놓고죽이니깐 허무한 느낌?주관적으로 봤을 때  감동은 딱히..,4
1020,"무조건 펑펑 울게 된다고 작품성있는건 아니죠. 황당할 정도로 억지 전개가 심했고, 너무 눈물 유도가 심합니다. 솔직히 천만 돌파한것도, 단순한 스토리와 장르때문에 또, 배우때문에 흥했다고 봅니다. 가족끼리 베를린 보...",3
1021,어려운 시국에 맞혀 객봉한  영화지만 역으로 희망과 힘을 불어줄  대중영화가  아니여서 아쉽다,3
1022,"억지감동,억지웃음 보는내내 지루했다",3
1023,불지르고 열기구태우는것만 좀 없었으면 충분히 맘에 들었을텐데.다른쪽은 생각 안해보셨나,3
1024,눈물 많이 흘리고 감동적이었다고 재밌는 것은 아니다. 완전히 과대평가된 영화. 눈이 빨갛게 되어 나왔지만 작품성이나 재미는 3류다,3
1025,너무 지루했어요ㅠㅠ 유치하고 구성력도 엉망이고. 캐릭터가 아무리 괜찮아도 정도껏 해야죠. 이걸 좋아하는 사람도 많은 것 같은데 이게 좋은 영화가 아니라는 걸 알아볼 수 있는 사람들도 많다고 생각해요. 평점이 너무 높...,3
1026,배우들 연기 캐스팅만 좋지 솔직히말해 하모니 본거같은느낌나구요 같이본친구들은 울던데 저는 안울었어요 외국영화는 자막을읽는건지 내용을보는건지 모르겠고 한국영화는 이런식으로만 만들고 와 정말... 쨋든 돈아까울정도는 아...,3
1027,아 눈물도 안나오고...솔직히 가족이랑 편하게 보긴 좋았지만....류승룡의 역할에 대한 연기는 매우 실망이었다.,3
1028,바보같지 않은 바보...어색한 연기,3
1029,아역연기자가 너무 귀여울 뿐...,3
1030,그닥 재미있지는 않은 듯 싶다..,2
1031,평점 완전 높네ㅋㅋ 너무 작위적이고 불편했음ㅋㅋ 눈물을 강요하는 느낌도 받았고,2
1032,재미는 나름 있는데 작위적인 냄새가 좀 난다.평점이 너무높은듯하여 별 2점 주지만..실제는 한 6~7점 정도로 봄,2
1033,류승룡의 연기는 볼만하고 괜찮았으나 중간중간 너무 티나는 눈물포인트와 범죄자들에 대한 미화 억지설정 들은 모두 fail 중간중간 깨는 연출 특히 하나둘셋 어이가없어 남들 우는데 헛웃음난 최악의 장면,2
1034,"우리나라사람들은 이런영화 차~~암 좋아한다. 감독이 ""너네들 이부분에서 웃어!"" ,""이부분은 슬픈장면이야 빨리 눈물을 짜내!! "" 같은식의 영화들..가슴속밑에서부터 뜨겁게올라오는 소름돕게하는감동말고 빨리뜨거워지고 빨...",2
1035,9.56  ???  말도안되....일점도  류승룡때문에 준다..........정말 분발해라  한국영화.....ㅉㅉ....,2
1036,"이게 왜 9.56???? 납뜩이 안가는 평점이다. 눈물도 많고 가족휴먼영화 좋아하는데 이 영화는 좀 뻔하고 흔하고 삼류개그코드.. 관객들 빵터질때 나혼자 멀뚱멀뚱^^;;;;;;아저씨, 아주머니들은 웃기다고 좋아하셨음...",2
1037,솔직히..제 취향은 아닌듯해요. 억지스럽고 유치하구요....,2
1038,그냥 중간에 몇 번 웃긴 거 빼곤 솔직히 별로였는데. 평점 되게 높아서 넘 기대하고 봤나? 뭔가 후반부터 억지로 눈물 짜내려고 하는 듯한 기분.,2
1039,이정도는아니니것같다,2
1040,지금 이걸 영화라고 만든거냐?,1
1041,눈물샘 공격용 전형적 한국식 영화 작품성 제로,1
1042,일점짜리는 아니지만 평점이 너무 높다,1
1043,수준이하... 에휴~,1
1044,작위적인연출 작위적인스토리 억지눈물짜기 싫어하는 한국영화 요소는 다들어가있다.,1
1045,할말이없는 대표적인 거품,1
1046,류승룡이 만든영화. 소재는그닥.,1
1047,심각하다심각해 연기력이 아아정말 괘낞은데,1
1048,영화는 입소문 믿고 보면 안된다는걸 잘알려주는 예,1
1049,"노잼, 보는내내 지루해서 죽는줄 ㅡㅡ",1
1050,평점이 점점 낮아지고 있죠? 영화에 눈뜬사람들이 있다는 뜻입니다.,1
1051,초등학새용 영화,1
1052,영화보고 평점쓰는거 처음이다정의의 이름으로 아빠를 용서하겠습니다.소름 돋았다.감성팔이 너무 심하다.예측되는 결말이다,1
1053,"전세계의 상을 휩쓸은 작품평점 7점대 킬링타임용 감성팔이 작품에 9점대?. 개연성,작품성. 모든게 엉망인데다가 감정이 너무 과잉되어있다. 연기는 일품이나 감성팔이에 미친 관객들..  감정이 메말랐다고?슬픈영화보고 안...",1
1054,어휴 진짜 유치해서 ㅋㅋ 이딴게 1200만관객 ㅉㅉ 한국관객들 수준 ㅉㅉ,1
1055,"억지스런 구성으로 관객의 눈물샘을 자극하는 감독,  말도 안되는 내용을 보고 울면서 감동 받았다는 관객,  감동과 자극의 차이도 구분 못하는 낮은 수준 으로 탄생한 영화. 이걸 보고 우는 건 지나가다 먼지가 눈에 들...",1
1056,댓글 알바들 설치네. 이따위걸 영화라고..,1
1057,정말 이거 보고 울엇다는 사람은... 참 한심하다 울음이 나오는 당신들은 생각없는 대중 딱하다...,1
1058,아 진짜 평점 안주려고 했는데 이건 그냥 넘어갈수가 없네 이게 감동적이란인간들은 얼마나 평소에 울어제끼는 사람들인지,1
1059,휴..,1
1060,억지 감동 이건아니다...,1
1061,어이쿠 실수로 1점 누름,1
1062,고헬.,1
1063,깡패 미화시키는 영화 별로 보고 싶지 않다. 쓰레기통 속 쓰레기 관심 ㄴㄴ,1
1064,"뭔 영화가 앞뒤는 하나도 안맞고, 밑도 끝도 없다  정말 최악의 영화다",1
1065,솔직히 군중심리 작용한 영화,1
1066,.......,1
1067,여자들이나 알바만 10점주는 찌질이 영화....,1
1068,멍청한 선동영화,1
1069,돈아깝다,1
1070,범죄자 미화영화입니다 참으로 황당하고 인간이길 포기한  수용소에 그들을 미화하나요?7번방에 범죄자로 인해 피해자가족들은 안중에도 없나요?,1
1071,으리가읍서..으리가..으리는 어따 던저두고 왓시유?,1
1072,범죄자는 범죄자일뿐.. 미화하면 할수록 사회에 악이 된다.,1
1073,sns에서 이 영화 보라고 난리를 친다.... sns에서 ...ㅋㅋㅋㅋ답이 딱 보인다,1
1074,교도소 미화영화,1
1075,사형선고받는놈 옹호하는 영화구만.. 엣햄엣햄...,1
1076,교도소 영화를 보고 뭘 배우라는거 입니까...,1
1077,오유에서 왔습니다. 감성팔이 따위 OUT,1
1078,사형선고받는놈 옹호하는 영화구만.. 엣햄엣햄...,1
1079,민주화다 임마,1
1080,거품영화학교친구들 생각없이 너무슬프다고  쳐울엇다고주위에 이영화꼭보라고 추천하는데 이딴짓하지말자천만영화는아니다,1
1081,거품.... 감성팔이,1
1082,평점 낮추자 솔직히 저 점수가 가당키나하냐??보기싫은데 다수결로 보게됐는데 진짜 이건아니지 거품좀빼자 머난 아주 별로였어 웃기지도않고 감동도없고,1
1083,아이엠샘 표절,1
1084,감동으로 위장한 최루성 바보 눈물연기의 최고봉,1
1085,별로 억지눈물 짜내는 스토리,1
1086,보지않았고요.39994개댓글돌파.평점낮아져라!,1
1087,이런영화가 천만급이라고 생각하는가 의심든다,1
1088,정말 손발 오그라든다...,1
1089,쓰레기,1
1090,억지에 억지를,1
1091,그럭저럭 볼만했다.근데 솔직히 이게 말이돼는 평점인가?9점 정도가 어울릴거같다.,1
1092,레알노잼,1
1093,진짜 재미없다,1
1094,억지감동,1
1095,걍 ㅆㄹㄱ임 진짜 이 영화를  왜 만들었는지 모르겠고 내용은 막장이고 어디서 울어야 할지도 모르겠고 연기도 그저 그렇고 차라리 늑대소년을 한번더 보겠다 참 그냥 웃긴영화,1
1096,개같다 증말...시급에 영혼을 판 알바들아 제발 양심좀 있어봐라. 이딴 쓰레기영화가 평점이 이렇게 높다니 어휴...,1
1097,너무 허술한것아닌가?,1
1098,별로였다 . 왠지 유치한 영화 같았다 .다른 사람들이 재미있고 감동적이라고 해서 보았는데 별로 마음에 와 닫지 않았다 . 유치했다 .,1
1099,솔직히 7점이면 적당하다. 억지신파에 만화같이 말도 안되는 상황들의 연속. 법정묘사는 허접하기 짝이없고... 아역배우 빼곤 볼 게 없는 아동용 가족영화.,1
1100,어떻게 이런 영화가 흥행이 될 수 있을까요...  아무리 미원으로 양념을 했다지만 이렇게 오그라드는 표현을 대놓고 할 수 있습니까?  좋은 영화는 좋은 관객이 만든다고 하는데...제가 이상한 것일까요? 한국 영화의 ...,1
1101,비현실적,1
1102,속았다. 절대 이점수 받을만한 영화가 아니다.,1
1103,김치년들의 몰표가 거슬려서 1점!,1
1104,어이가없네,1
1105,"평점이 지나치게 높다. 타이타닉,레옹,쇼생크 탈출보다 높다니 말이되나?",1
1106,후반부로 갈 수록 심해지는 눈물 자아내기용 연출이 매우 거슬렸다. 모의 법정에서 변호인이 우는 장면부터 '변호사가 법정에서 울어? 자질이 부족하네... ' 이 생각이 들며 그 뒷부분부터 그냥 냉정해지기...,1
1107,궁상,1
1108,먹다 흘린 팝콘 하나에 내 맘이 더 애절해진다,1
1109,이걸 돈 주고 봐야 했을까 영화 볼 시간에 책을 읽을걸 그랬다,1
1110,현실성제로  감동반감 별하나는 걍 좀 웃김,1
1111,하모니와 정말 똑같음ㅡ차이는 여자교도소ㅡ남자교도소ㅡ여자아이ㅡ남자아이차이ㅡ정말 시나리오 쓴 사람 쓰레기임,1
1112,괜찮은영화긴 한데 평점9점이넘어가는건 좀 아닌듯,1
1113,신파에 약한 한국인을 위한영화.억지설정에 눈물짜내면서 스스로 동정심않은 착한 사람인 것처럼 착각하게 만드는 영화. 즉 저질 한국인 만들기 영화.,1
1114,최악.. 10점만 있따는건 완전 조작에 사기임.. 재미없어... 알바들 천지군...,1
1115,네이버평점 믿을거 못되는듯 난 별루더라;;,1
1116,최고의 평점..최고의 알바들..,1
1117,저는딱히감동이오지않더라구요,1
1118,억지스러운 구성과 눈물짜기로 감정이입이 하나도 안됐다ㅜㅜ아놔~~,1
1119,솔직히 6-7정도 주고싶지만이건 아닌듯.홍보 열나게 하더니 여기도 도배한듯..,1
